scale_label,scale_factor,n,gamma,family,mean_score,std_score,mean_penalty,mean_log_H,count
1.600,1.6,48,0.0,KR_like,-97.00715410052504,0.10939944281541335,14.687018345443835,97.00715410052504,2
1.600,1.6,48,0.0,lorentzian_like_2d,-70.80653821794888,3.8647624003242482,1.8446623073963315,70.80653821794888,2
1.600,1.6,48,0.1,KR_like,-95.53845226598067,0.14016706197832587,14.687018345443835,97.00715410052504,2
1.600,1.6,48,0.1,lorentzian_like_2d,-70.62207198720924,3.9270084110318404,1.8446623073963315,70.80653821794888,2
1.600,1.6,48,0.2,KR_like,-94.06975043143629,0.1709346811412183,14.687018345443835,97.00715410052504,2
1.600,1.6,48,0.2,lorentzian_like_2d,-70.43760575646961,3.9892544217394277,1.8446623073963315,70.80653821794888,2
1.600,1.6,48,0.4,KR_like,-91.13234676234751,0.2324699194670634,14.687018345443835,97.00715410052504,2
1.600,1.6,48,0.4,lorentzian_like_2d,-70.06867329499035,4.113746443154592,1.8446623073963315,70.80653821794888,2
1.600,1.6,48,0.6,KR_like,-88.19494309325876,0.2940051577928684,14.687018345443835,97.00715410052504,2
1.600,1.6,48,0.6,lorentzian_like_2d,-69.69974083351107,4.238238464569757,1.8446623073963315,70.80653821794888,2
1.600,1.6,48,0.8,KR_like,-85.25753942416998,0.3555403961186984,14.687018345443835,97.00715410052504,2
1.600,1.6,48,0.8,lorentzian_like_2d,-69.33080837203181,4.362730485984922,1.8446623073963315,70.80653821794888,2
1.600,1.6,48,1.0,KR_like,-82.32013575508122,0.41707563444451845,14.687018345443835,97.00715410052504,2
1.600,1.6,48,1.0,lorentzian_like_2d,-68.96187591055255,4.487222507400091,1.8446623073963315,70.80653821794888,2
1.600,1.6,48,1.5,KR_like,-74.9766265823593,0.570913730259076,14.687018345443835,97.00715410052504,2
1.600,1.6,48,1.5,lorentzian_like_2d,-68.03954475685438,4.798452560938017,1.8446623073963315,70.80653821794888,2
1.600,1.6,48,2.0,KR_like,-67.63311740963738,0.7247518260736436,14.687018345443835,97.00715410052504,2
1.600,1.6,48,2.0,lorentzian_like_2d,-67.11721360315622,5.109682614475931,1.8446623073963315,70.80653821794888,2
1.610,1.61,48,0.0,KR_like,-97.00715410052504,0.10939944281541335,14.724096730482891,97.00715410052504,2
1.610,1.61,48,0.0,lorentzian_like_2d,-70.80653821794888,3.8647624003242482,1.8527915303761913,70.80653821794888,2
1.610,1.61,48,0.1,KR_like,-95.53474442747677,0.14035854838052242,14.724096730482891,97.00715410052504,2
1.610,1.61,48,0.1,lorentzian_like_2d,-70.62125906491126,3.926985591743215,1.8527915303761913,70.80653821794888,2
1.610,1.61,48,0.2,KR_like,-94.06233475442846,0.17131765394565163,14.724096730482891,97.00715410052504,2
1.610,1.61,48,0.2,lorentzian_like_2d,-70.43597991187363,3.9892087831622027,1.8527915303761913,70.80653821794888,2
1.610,1.61,48,0.4,KR_like,-91.11751540833188,0.2332358650758698,14.724096730482891,97.00715410052504,2
1.610,1.61,48,0.4,lorentzian_like_2d,-70.0654216057984,4.1136551660001315,1.8527915303761913,70.80653821794888,2
1.610,1.61,48,0.6,KR_like,-88.1726960622353,0.29515407620610806,14.724096730482891,97.00715410052504,2
1.610,1.61,48,0.6,lorentzian_like_2d,-69.69486329972315,4.238101548838071,1.8527915303761913,70.80653821794888,2
1.610,1.61,48,0.8,KR_like,-85.22787671613874,0.3570722873363313,14.724096730482891,97.00715410052504,2
1.610,1.61,48,0.8,lorentzian_like_2d,-69.32430499364793,4.362547931676006,1.8527915303761913,70.80653821794888,2
1.610,1.61,48,1.0,KR_like,-82.28305737004216,0.41899049846656955,14.724096730482891,97.00715410052504,2
1.610,1.61,48,1.0,lorentzian_like_2d,-68.95374668757269,4.486994314513945,1.8527915303761913,70.80653821794888,2
1.610,1.61,48,1.5,KR_like,-74.92100900480071,0.5737860262921451,14.724096730482891,97.00715410052504,2
1.610,1.61,48,1.5,lorentzian_like_2d,-68.02735092238458,4.798110271608801,1.8527915303761913,70.80653821794888,2
1.610,1.61,48,2.0,KR_like,-67.55896063955926,0.7285815541177207,14.724096730482891,97.00715410052504,2
1.610,1.61,48,2.0,lorentzian_like_2d,-67.1009551571965,5.109226228703646,1.8527915303761913,70.80653821794888,2
1.620,1.62,48,0.0,KR_like,-97.00715410052504,0.10939944281541335,14.761175115521947,97.00715410052504,2
1.620,1.62,48,0.0,lorentzian_like_2d,-70.80653821794888,3.8647624003242482,1.8609207533560512,70.80653821794888,2
1.620,1.62,48,0.1,KR_like,-95.53103658897285,0.14055003478272907,14.761175115521947,97.00715410052504,2
1.620,1.62,48,0.1,lorentzian_like_2d,-70.62044614261328,3.9269627724546052,1.8609207533560512,70.80653821794888,2
1.620,1.62,48,0.2,KR_like,-94.05491907742066,0.17170062675004477,14.761175115521947,97.00715410052504,2
1.620,1.62,48,0.2,lorentzian_like_2d,-70.43435406727767,3.989163144584967,1.8609207533560512,70.80653821794888,2
1.620,1.62,48,0.4,KR_like,-91.10268405431627,0.2340018106846812,14.761175115521947,97.00715410052504,2
1.620,1.62,48,0.4,lorentzian_like_2d,-70.06216991660645,4.113563888845672,1.8609207533560512,70.80653821794888,2
1.620,1.62,48,0.6,KR_like,-88.15044903121188,0.29630299461932263,14.761175115521947,97.00715410052504,2
1.620,1.62,48,0.6,lorentzian_like_2d,-69.68998576593525,4.237964633106375,1.8609207533560512,70.80653821794888,2
1.620,1.62,48,0.8,KR_like,-85.1982140081075,0.35860417855396914,14.761175115521947,97.00715410052504,2
1.620,1.62,48,0.8,lorentzian_like_2d,-69.31780161526405,4.362365377367084,1.8609207533560512,70.80653821794888,2
1.620,1.62,48,1.0,KR_like,-82.2459789850031,0.4209053624886056,14.761175115521947,97.00715410052504,2
1.620,1.62,48,1.0,lorentzian_like_2d,-68.94561746459283,4.486766121627804,1.8609207533560512,70.80653821794888,2
1.620,1.62,48,1.5,KR_like,-74.86539142724213,0.5766583223251992,14.761175115521947,97.00715410052504,2
1.620,1.62,48,1.5,lorentzian_like_2d,-68.0151570879148,4.797767982279574,1.8609207533560512,70.80653821794888,2
1.620,1.62,48,2.0,KR_like,-67.48480386948115,0.7324112821617927,14.761175115521947,97.00715410052504,2
1.620,1.62,48,2.0,lorentzian_like_2d,-67.08469671123677,5.108769842931344,1.8609207533560512,70.80653821794888,2
1.630,1.63,48,0.0,KR_like,-97.00715410052504,0.10939944281541335,14.798253500561005,97.00715410052504,2
1.630,1.63,48,0.0,lorentzian_like_2d,-70.80653821794888,3.8647624003242482,1.8690499763359107,70.80653821794888,2
1.630,1.63,48,0.1,KR_like,-95.52732875046894,0.14074152118493566,14.798253500561005,97.00715410052504,2
1.630,1.63,48,0.1,lorentzian_like_2d,-70.61963322031528,3.92693995316599,1.8690499763359107,70.80653821794888,2
1.630,1.63,48,0.2,KR_like,-94.04750340041285,0.17208359955446303,14.798253500561005,97.00715410052504,2
1.630,1.63,48,0.2,lorentzian_like_2d,-70.4327282226817,3.989117506007732,1.8690499763359107,70.80653821794888,2
1.630,1.63,48,0.4,KR_like,-91.08785270030064,0.23476775629350768,14.798253500561005,97.00715410052504,2
1.630,1.63,48,0.4,lorentzian_like_2d,-70.05891822741451,4.11347261169121,1.8690499763359107,70.80653821794888,2
1.630,1.63,48,0.6,KR_like,-88.12820200018845,0.29745191303253726,14.798253500561005,97.00715410052504,2
1.630,1.63,48,0.6,lorentzian_like_2d,-69.68510823214733,4.237827717374695,1.8690499763359107,70.80653821794888,2
1.630,1.63,48,0.8,KR_like,-85.16855130007625,0.36013606977159696,14.798253500561005,97.00715410052504,2
1.630,1.63,48,0.8,lorentzian_like_2d,-69.31129823688015,4.362182823058179,1.8690499763359107,70.80653821794888,2
1.630,1.63,48,1.0,KR_like,-82.20890059996404,0.4228202265106567,14.798253500561005,97.00715410052504,2
1.630,1.63,48,1.0,lorentzian_like_2d,-68.93748824161295,4.486537928741657,1.8690499763359107,70.80653821794888,2
1.630,1.63,48,1.5,KR_like,-74.80977384968355,0.5795306183582583,14.798253500561005,97.00715410052504,2
1.630,1.63,48,1.5,lorentzian_like_2d,-68.00296325344502,4.797425692950347,1.8690499763359107,70.80653821794888,2
1.630,1.63,48,2.0,KR_like,-67.41064709940304,0.736241010205885,14.798253500561005,97.00715410052504,2
1.630,1.63,48,2.0,lorentzian_like_2d,-67.06843826527705,5.108313457159059,1.8690499763359107,70.80653821794888,2
1.640,1.64,48,0.0,KR_like,-97.00715410052504,0.10939944281541335,14.835331885600063,97.00715410052504,2
1.640,1.64,48,0.0,lorentzian_like_2d,-70.80653821794888,3.8647624003242482,1.8771791993157705,70.80653821794888,2
1.640,1.64,48,0.1,KR_like,-95.52362091196504,0.14093300758713223,14.835331885600063,97.00715410052504,2
1.640,1.64,48,0.1,lorentzian_like_2d,-70.6188202980173,3.9269171338773847,1.8771791993157705,70.80653821794888,2
1.640,1.64,48,0.2,KR_like,-94.04008772340504,0.1724665723588662,14.835331885600063,97.00715410052504,2
1.640,1.64,48,0.2,lorentzian_like_2d,-70.43110237808573,3.9890718674305066,1.8771791993157705,70.80653821794888,2
1.640,1.64,48,0.4,KR_like,-91.07302134628503,0.23553370190231906,14.835331885600063,97.00715410052504,2
1.640,1.64,48,0.4,lorentzian_like_2d,-70.05566653822257,4.113381334536751,1.8771791993157705,70.80653821794888,2
1.640,1.64,48,0.6,KR_like,-88.10595496916501,0.298600831445782,14.835331885600063,97.00715410052504,2
1.640,1.64,48,0.6,lorentzian_like_2d,-69.68023069835942,4.237690801642999,1.8771791993157705,70.80653821794888,2
1.640,1.64,48,0.8,KR_like,-85.13888859204499,0.3616679609892298,14.835331885600063,97.00715410052504,2
1.640,1.64,48,0.8,lorentzian_like_2d,-69.30479485849627,4.362000268749258,1.8771791993157705,70.80653821794888,2
1.640,1.64,48,1.0,KR_like,-82.17182221492499,0.42473509053267766,14.835331885600063,97.00715410052504,2
1.640,1.64,48,1.0,lorentzian_like_2d,-68.92935901863311,4.486309735855501,1.8771791993157705,70.80653821794888,2
1.640,1.64,48,1.5,KR_like,-74.75415627212496,0.5824029143913274,14.835331885600063,97.00715410052504,2
1.640,1.64,48,1.5,lorentzian_like_2d,-67.99076941897522,4.79708340362113,1.8771791993157705,70.80653821794888,2
1.640,1.64,48,2.0,KR_like,-67.33649032932493,0.7400707382499571,14.835331885600063,97.00715410052504,2
1.640,1.64,48,2.0,lorentzian_like_2d,-67.05217981931733,5.107857071386756,1.8771791993157705,70.80653821794888,2
1.650,1.65,48,0.0,KR_like,-97.00715410052504,0.10939944281541335,14.872410270639119,97.00715410052504,2
1.650,1.65,48,0.0,lorentzian_like_2d,-70.80653821794888,3.8647624003242482,1.8853084222956304,70.80653821794888,2
1.650,1.65,48,0.1,KR_like,-95.51991307346114,0.14112449398934387,14.872410270639119,97.00715410052504,2
1.650,1.65,48,0.1,lorentzian_like_2d,-70.61800737571932,3.92689431458876,1.8853084222956304,70.80653821794888,2
1.650,1.65,48,0.2,KR_like,-94.03267204639722,0.1728495451632694,14.872410270639119,97.00715410052504,2
1.650,1.65,48,0.2,lorentzian_like_2d,-70.42947653348975,3.9890262288532816,1.8853084222956304,70.80653821794888,2
1.650,1.65,48,0.4,KR_like,-91.0581899922694,0.23629964751114052,14.872410270639119,97.00715410052504,2
1.650,1.65,48,0.4,lorentzian_like_2d,-70.05241484903063,4.11329005738229,1.8853084222956304,70.80653821794888,2
1.650,1.65,48,0.6,KR_like,-88.08370793814157,0.2997497498590066,14.872410270639119,97.00715410052504,2
1.650,1.65,48,0.6,lorentzian_like_2d,-69.6753531645715,4.237553885911319,1.8853084222956304,70.80653821794888,2
1.650,1.65,48,0.8,KR_like,-85.10922588401375,0.3631998522068627,14.872410270639119,97.00715410052504,2
1.650,1.65,48,0.8,lorentzian_like_2d,-69.29829148011237,4.3618177144403365,1.8853084222956304,70.80653821794888,2
1.650,1.65,48,1.0,KR_like,-82.13474382988593,0.4266499545547187,14.872410270639119,97.00715410052504,2
1.650,1.65,48,1.0,lorentzian_like_2d,-68.92122979565325,4.48608154296936,1.8853084222956304,70.80653821794888,2
1.650,1.65,48,1.5,KR_like,-74.69853869456638,0.5852752104243815,14.872410270639119,97.00715410052504,2
1.650,1.65,48,1.5,lorentzian_like_2d,-67.97857558450542,4.796741114291913,1.8853084222956304,70.80653821794888,2
1.650,1.65,48,2.0,KR_like,-67.26233355924681,0.7439004662940492,14.872410270639119,97.00715410052504,2
1.650,1.65,48,2.0,lorentzian_like_2d,-67.03592137335761,5.107400685614472,1.8853084222956304,70.80653821794888,2
1.660,1.66,48,0.0,KR_like,-97.00715410052504,0.10939944281541335,14.909488655678176,97.00715410052504,2
1.660,1.66,48,0.0,lorentzian_like_2d,-70.80653821794888,3.8647624003242482,1.89343764527549,70.80653821794888,2
1.660,1.66,48,0.1,KR_like,-95.51620523495723,0.1413159803915505,14.909488655678176,97.00715410052504,2
1.660,1.66,48,0.1,lorentzian_like_2d,-70.61719445342132,3.9268714953001598,1.89343764527549,70.80653821794888,2
1.660,1.66,48,0.2,KR_like,-94.02525636938941,0.17323251796768765,14.909488655678176,97.00715410052504,2
1.660,1.66,48,0.2,lorentzian_like_2d,-70.42785068889378,3.9889805902760465,1.89343764527549,70.80653821794888,2
1.660,1.66,48,0.4,KR_like,-91.04335863825378,0.23706559311994688,14.909488655678176,97.00715410052504,2
1.660,1.66,48,0.4,lorentzian_like_2d,-70.04916315983868,4.113198780227834,1.89343764527549,70.80653821794888,2
1.660,1.66,48,0.6,KR_like,-88.06146090711815,0.30089866827222117,14.909488655678176,97.00715410052504,2
1.660,1.66,48,0.6,lorentzian_like_2d,-69.67047563078359,4.237416970179632,1.89343764527549,70.80653821794888,2
1.660,1.66,48,0.8,KR_like,-85.07956317598251,0.3647317434244804,14.909488655678176,97.00715410052504,2
1.660,1.66,48,0.8,lorentzian_like_2d,-69.29178810172849,4.361635160131415,1.89343764527549,70.80653821794888,2
1.660,1.66,48,1.0,KR_like,-82.09766544484688,0.4285648185767547,14.909488655678176,97.00715410052504,2
1.660,1.66,48,1.0,lorentzian_like_2d,-68.91310057267339,4.485853350083219,1.89343764527549,70.80653821794888,2
1.660,1.66,48,1.5,KR_like,-74.64292111700777,0.5881475064574505,14.909488655678176,97.00715410052504,2
1.660,1.66,48,1.5,lorentzian_like_2d,-67.96638175003565,4.796398824962692,1.89343764527549,70.80653821794888,2
1.660,1.66,48,2.0,KR_like,-67.1881767891687,0.7477301943381163,14.909488655678176,97.00715410052504,2
1.660,1.66,48,2.0,lorentzian_like_2d,-67.01966292739789,5.106944299842169,1.89343764527549,70.80653821794888,2
1.670,1.67,48,0.0,KR_like,-97.00715410052504,0.10939944281541335,14.946567040717234,97.00715410052504,2
1.670,1.67,48,0.0,lorentzian_like_2d,-70.80653821794888,3.8647624003242482,1.9015668682553502,70.80653821794888,2
1.670,1.67,48,0.1,KR_like,-95.51249739645333,0.14150746679374707,14.946567040717234,97.00715410052504,2
1.670,1.67,48,0.1,lorentzian_like_2d,-70.61638153112334,3.9268486760115344,1.9015668682553502,70.80653821794888,2
1.670,1.67,48,0.2,KR_like,-94.01784069238161,0.1736154907720808,14.946567040717234,97.00715410052504,2
1.670,1.67,48,0.2,lorentzian_like_2d,-70.4262248442978,3.988934951698806,1.9015668682553502,70.80653821794888,2
1.670,1.67,48,0.4,KR_like,-91.02852728423815,0.23783153872876833,14.946567040717234,97.00715410052504,2
1.670,1.67,48,0.4,lorentzian_like_2d,-70.04591147064673,4.113107503073384,1.9015668682553502,70.80653821794888,2
1.670,1.67,48,0.6,KR_like,-88.03921387609472,0.3020475866854358,14.946567040717234,97.00715410052504,2
1.670,1.67,48,0.6,lorentzian_like_2d,-69.66559809699567,4.237280054447932,1.9015668682553502,70.80653821794888,2
1.670,1.67,48,0.8,KR_like,-85.04990046795126,0.36626363464212836,14.946567040717234,97.00715410052504,2
1.670,1.67,48,0.8,lorentzian_like_2d,-69.2852847233446,4.3614526058225,1.9015668682553502,70.80653821794888,2
1.670,1.67,48,1.0,KR_like,-82.06058705980782,0.4304796825988058,14.946567040717234,97.00715410052504,2
1.670,1.67,48,1.0,lorentzian_like_2d,-68.90497134969353,4.485625157197058,1.9015668682553502,70.80653821794888,2
1.670,1.67,48,1.5,KR_like,-74.5873035394492,0.5910198024904896,14.946567040717234,97.00715410052504,2
1.670,1.67,48,1.5,lorentzian_like_2d,-67.95418791556585,4.796056535633475,1.9015668682553502,70.80653821794888,2
1.670,1.67,48,2.0,KR_like,-67.11402001909057,0.7515599223821933,14.946567040717234,97.00715410052504,2
1.670,1.67,48,2.0,lorentzian_like_2d,-67.00340448143818,5.1064879140698745,1.9015668682553502,70.80653821794888,2
1.680,1.68,48,0.0,KR_like,-97.00715410052504,0.10939944281541335,14.98364542575629,97.00715410052504,2
1.680,1.68,48,0.0,lorentzian_like_2d,-70.80653821794888,3.8647624003242482,1.90969609123521,70.80653821794888,2
1.680,1.68,48,0.1,KR_like,-95.50878955794943,0.14169895319594364,14.98364542575629,97.00715410052504,2
1.680,1.68,48,0.1,lorentzian_like_2d,-70.61556860882536,3.9268258567229246,1.90969609123521,70.80653821794888,2
1.680,1.68,48,0.2,KR_like,-94.01042501537378,0.173998463576494,14.98364542575629,97.00715410052504,2
1.680,1.68,48,0.2,lorentzian_like_2d,-70.42459899970183,3.988889313121586,1.90969609123521,70.80653821794888,2
1.680,1.68,48,0.4,KR_like,-91.01369593022254,0.2385974843375797,14.98364542575629,97.00715410052504,2
1.680,1.68,48,0.4,lorentzian_like_2d,-70.0426597814548,4.113016225918914,1.90969609123521,70.80653821794888,2
1.680,1.68,48,0.6,KR_like,-88.01696684507127,0.3031965050986755,14.98364542575629,97.00715410052504,2
1.680,1.68,48,0.6,lorentzian_like_2d,-69.66072056320775,4.237143138716251,1.90969609123521,70.80653821794888,2
1.680,1.68,48,0.8,KR_like,-85.02023775992001,0.36779552585975617,14.98364542575629,97.00715410052504,2
1.680,1.68,48,0.8,lorentzian_like_2d,-69.27878134496072,4.3612700515135785,1.90969609123521,70.80653821794888,2
1.680,1.68,48,1.0,KR_like,-82.02350867476876,0.43239454662084187,14.98364542575629,97.00715410052504,2
1.680,1.68,48,1.0,lorentzian_like_2d,-68.89684212671366,4.485396964310916,1.90969609123521,70.80653821794888,2
1.680,1.68,48,1.5,KR_like,-74.53168596189062,0.5938920985235485,14.98364542575629,97.00715410052504,2
1.680,1.68,48,1.5,lorentzian_like_2d,-67.94199408109606,4.795714246304258,1.90969609123521,70.80653821794888,2
1.680,1.68,48,2.0,KR_like,-67.03986324901247,0.7553896504262654,14.98364542575629,97.00715410052504,2
1.680,1.68,48,2.0,lorentzian_like_2d,-66.98714603547845,5.106031528297584,1.90969609123521,70.80653821794888,2
1.690,1.69,48,0.0,KR_like,-97.00715410052504,0.10939944281541335,15.020723810795348,97.00715410052504,2
1.690,1.69,48,0.0,lorentzian_like_2d,-70.80653821794888,3.8647624003242482,1.9178253142150699,70.80653821794888,2
1.690,1.69,48,0.1,KR_like,-95.50508171944551,0.14189043959815026,15.020723810795348,97.00715410052504,2
1.690,1.69,48,0.1,lorentzian_like_2d,-70.61475568652736,3.9268030374343095,1.9178253142150699,70.80653821794888,2
1.690,1.69,48,0.2,KR_like,-94.00300933836598,0.17438143638090223,15.020723810795348,97.00715410052504,2
1.690,1.69,48,0.2,lorentzian_like_2d,-70.42297315510586,3.9888436745443503,1.9178253142150699,70.80653821794888,2
1.690,1.69,48,0.4,KR_like,-90.9988645762069,0.23936342994640117,15.020723810795348,97.00715410052504,2
1.690,1.69,48,0.4,lorentzian_like_2d,-70.03940809226285,4.112924948764463,1.9178253142150699,70.80653821794888,2
1.690,1.69,48,0.6,KR_like,-87.99471981404784,0.30434542351189003,15.020723810795348,97.00715410052504,2
1.690,1.69,48,0.6,lorentzian_like_2d,-69.65584302941983,4.237006222984565,1.9178253142150699,70.80653821794888,2
1.690,1.69,48,0.8,KR_like,-84.99057505188877,0.369327417077394,15.020723810795348,97.00715410052504,2
1.690,1.69,48,0.8,lorentzian_like_2d,-69.27227796657682,4.3610874972046725,1.9178253142150699,70.80653821794888,2
1.690,1.69,48,1.0,KR_like,-81.9864302897297,0.4343094106428779,15.020723810795348,97.00715410052504,2
1.690,1.69,48,1.0,lorentzian_like_2d,-68.8887129037338,4.485168771424775,1.9178253142150699,70.80653821794888,2
1.690,1.69,48,1.5,KR_like,-74.47606838433202,0.5967643945566177,15.020723810795348,97.00715410052504,2
1.690,1.69,48,1.5,lorentzian_like_2d,-67.92980024662627,4.795371956975031,1.9178253142150699,70.80653821794888,2
1.690,1.69,48,2.0,lorentzian_like_2d,-66.97088758951874,5.105575142525287,1.9178253142150699,70.80653821794888,2
1.690,1.69,48,2.0,KR_like,-66.96570647893435,0.7592193784703575,15.020723810795348,97.00715410052504,2
1.700,1.7,48,0.0,KR_like,-97.00715410052504,0.10939944281541335,15.057802195834405,97.00715410052504,2
1.700,1.7,48,0.0,lorentzian_like_2d,-70.80653821794888,3.8647624003242482,1.9259545371949294,70.80653821794888,2
1.700,1.7,48,0.1,KR_like,-95.50137388094161,0.1420819260003619,15.057802195834405,97.00715410052504,2
1.700,1.7,48,0.1,lorentzian_like_2d,-70.61394276422939,3.9267802181456894,1.9259545371949294,70.80653821794888,2
1.700,1.7,48,0.2,KR_like,-93.99559366135817,0.17476440918530542,15.057802195834405,97.00715410052504,2
1.700,1.7,48,0.2,lorentzian_like_2d,-70.42134731050989,3.9887980359671253,1.9259545371949294,70.80653821794888,2
1.700,1.7,48,0.4,KR_like,-90.98403322219129,0.24012937555521258,15.057802195834405,97.00715410052504,2
1.700,1.7,48,0.4,lorentzian_like_2d,-70.0361564030709,4.112833671610007,1.9259545371949294,70.80653821794888,2
1.700,1.7,48,0.6,KR_like,-87.97247278302441,0.30549434192510466,15.057802195834405,97.00715410052504,2
1.700,1.7,48,0.6,lorentzian_like_2d,-69.65096549563191,4.236869307252884,1.9259545371949294,70.80653821794888,2
1.700,1.7,48,0.8,KR_like,-84.96091234385753,0.3708593082950118,15.057802195834405,97.00715410052504,2
1.700,1.7,48,0.8,lorentzian_like_2d,-69.26577458819293,4.360904942895747,1.9259545371949294,70.80653821794888,2
1.700,1.7,48,1.0,KR_like,-81.94935190469064,0.4362242746649139,15.057802195834405,97.00715410052504,2
1.700,1.7,48,1.0,lorentzian_like_2d,-68.88058368075394,4.4849405785386285,1.9259545371949294,70.80653821794888,2
1.700,1.7,48,1.5,KR_like,-74.42045080677345,0.5996366905896717,15.057802195834405,97.00715410052504,2
1.700,1.7,48,1.5,lorentzian_like_2d,-67.91760641215649,4.795029667645804,1.9259545371949294,70.80653821794888,2
1.700,1.7,48,2.0,lorentzian_like_2d,-66.95462914355902,5.105118756753002,1.9259545371949294,70.80653821794888,2
1.700,1.7,48,2.0,KR_like,-66.89154970885625,0.7630491065144296,15.057802195834405,97.00715410052504,2
1.710,1.71,48,0.0,KR_like,-97.00715410052504,0.10939944281541335,15.094880580873461,97.00715410052504,2
1.710,1.71,48,0.0,lorentzian_like_2d,-70.80653821794888,3.8647624003242482,1.9340837601747891,70.80653821794888,2
1.710,1.71,48,0.1,KR_like,-95.49766604243771,0.14227341240255847,15.094880580873461,97.00715410052504,2
1.710,1.71,48,0.1,lorentzian_like_2d,-70.6131298419314,3.9267573988570743,1.9340837601747891,70.80653821794888,2
1.710,1.71,48,0.2,KR_like,-93.98817798435036,0.17514738198971364,15.094880580873461,97.00715410052504,2
1.710,1.71,48,0.2,lorentzian_like_2d,-70.41972146591391,3.9887523973899,1.9340837601747891,70.80653821794888,2
1.710,1.71,48,0.4,KR_like,-90.96920186817567,0.24089532116402396,15.094880580873461,97.00715410052504,2
1.710,1.71,48,0.4,lorentzian_like_2d,-70.03290471387896,4.112742394455547,1.9340837601747891,70.80653821794888,2
1.710,1.71,48,0.6,KR_like,-87.95022575200096,0.3066432603383444,15.094880580873461,97.00715410052504,2
1.710,1.71,48,0.6,lorentzian_like_2d,-69.646087961844,4.236732391521189,1.9340837601747891,70.80653821794888,2
1.710,1.71,48,0.8,KR_like,-84.93124963582628,0.3723911995126547,15.094880580873461,97.00715410052504,2
1.710,1.71,48,0.8,lorentzian_like_2d,-69.25927120980904,4.36072238858683,1.9340837601747891,70.80653821794888,2
1.710,1.71,48,1.0,KR_like,-81.91227351965159,0.438139138686955,15.094880580873461,97.00715410052504,2
1.710,1.71,48,1.0,lorentzian_like_2d,-68.8724544577741,4.484712385652477,1.9340837601747891,70.80653821794888,2
1.710,1.71,48,1.5,KR_like,-74.36483322921487,0.6025089866227308,15.094880580873461,97.00715410052504,2
1.710,1.71,48,1.5,lorentzian_like_2d,-67.90541257768669,4.7946873783165875,1.9340837601747891,70.80653821794888,2
1.710,1.71,48,2.0,lorentzian_like_2d,-66.9383706975993,5.104662370980702,1.9340837601747891,70.80653821794888,2
1.710,1.71,48,2.0,KR_like,-66.81739293877813,0.7668788345585218,15.094880580873461,97.00715410052504,2
1.720,1.72,48,0.0,KR_like,-97.00715410052504,0.10939944281541335,15.13195896591252,97.00715410052504,2
1.720,1.72,48,0.0,lorentzian_like_2d,-70.80653821794888,3.8647624003242482,1.9422129831546493,70.80653821794888,2
1.720,1.72,48,0.1,KR_like,-95.4939582039338,0.1424648988047651,15.13195896591252,97.00715410052504,2
1.720,1.72,48,0.1,lorentzian_like_2d,-70.61231691963341,3.926734579568464,1.9422129831546493,70.80653821794888,2
1.720,1.72,48,0.2,KR_like,-93.98076230734254,0.1755303547941319,15.13195896591252,97.00715410052504,2
1.720,1.72,48,0.2,lorentzian_like_2d,-70.41809562131795,3.988706758812665,1.9422129831546493,70.80653821794888,2
1.720,1.72,48,0.4,KR_like,-90.95437051416005,0.2416612667728454,15.13195896591252,97.00715410052504,2
1.720,1.72,48,0.4,lorentzian_like_2d,-70.02965302468701,4.112651117301081,1.9422129831546493,70.80653821794888,2
1.720,1.72,48,0.6,KR_like,-87.92797872097753,0.30779217875155895,15.13195896591252,97.00715410052504,2
1.720,1.72,48,0.6,lorentzian_like_2d,-69.6412104280561,4.2365954757894935,1.9422129831546493,70.80653821794888,2
1.720,1.72,48,0.8,KR_like,-84.90158692779502,0.3739230907302875,15.13195896591252,97.00715410052504,2
1.720,1.72,48,0.8,lorentzian_like_2d,-69.25276783142516,4.36053983427791,1.9422129831546493,70.80653821794888,2
1.720,1.72,48,1.0,KR_like,-81.87519513461253,0.4400540027090061,15.13195896591252,97.00715410052504,2
1.720,1.72,48,1.0,lorentzian_like_2d,-68.86432523479422,4.484484192766331,1.9422129831546493,70.80653821794888,2
1.720,1.72,48,1.5,KR_like,-74.30921565165627,0.6053812826557999,15.13195896591252,97.00715410052504,2
1.720,1.72,48,1.5,lorentzian_like_2d,-67.89321874321689,4.79434508898737,1.9422129831546493,70.80653821794888,2
1.720,1.72,48,2.0,lorentzian_like_2d,-66.92211225163959,5.104205985208404,1.9422129831546493,70.80653821794888,2
1.720,1.72,48,2.0,KR_like,-66.74323616870001,0.7707085626025938,15.13195896591252,97.00715410052504,2
1.730,1.73,48,0.0,KR_like,-97.00715410052504,0.10939944281541335,15.169037350951577,97.00715410052504,2
1.730,1.73,48,0.0,lorentzian_like_2d,-70.80653821794888,3.8647624003242482,1.9503422061345093,70.80653821794888,2
1.730,1.73,48,0.1,KR_like,-95.49025036542989,0.14265638520697171,15.169037350951577,97.00715410052504,2
1.730,1.73,48,0.1,lorentzian_like_2d,-70.61150399733543,3.9267117602798387,1.9503422061345093,70.80653821794888,2
1.730,1.73,48,0.2,KR_like,-93.97334663033473,0.1759133275985351,15.169037350951577,97.00715410052504,2
1.730,1.73,48,0.2,lorentzian_like_2d,-70.41646977672198,3.9886611202354296,1.9503422061345093,70.80653821794888,2
1.730,1.73,48,0.4,KR_like,-90.93953916014442,0.24242721238165682,15.169037350951577,97.00715410052504,2
1.730,1.73,48,0.4,lorentzian_like_2d,-70.02640133549507,4.112559840146626,1.9503422061345093,70.80653821794888,2
1.730,1.73,48,0.6,KR_like,-87.90573168995411,0.30894109716478857,15.169037350951577,97.00715410052504,2
1.730,1.73,48,0.6,lorentzian_like_2d,-69.63633289426818,4.236458560057812,1.9503422061345093,70.80653821794888,2
1.730,1.73,48,0.8,KR_like,-84.8719242197638,0.3754549819479103,15.169037350951577,97.00715410052504,2
1.730,1.73,48,0.8,lorentzian_like_2d,-69.24626445304128,4.360357279968994,1.9503422061345093,70.80653821794888,2
1.730,1.73,48,1.0,KR_like,-81.83811674957347,0.4419688667310421,15.169037350951577,97.00715410052504,2
1.730,1.73,48,1.0,lorentzian_like_2d,-68.85619601181438,4.484255999880175,1.9503422061345093,70.80653821794888,2
1.730,1.73,48,1.5,KR_like,-74.25359807409768,0.608253578688854,15.169037350951577,97.00715410052504,2
1.730,1.73,48,1.5,lorentzian_like_2d,-67.88102490874712,4.7940027996581485,1.9503422061345093,70.80653821794888,2
1.730,1.73,48,2.0,lorentzian_like_2d,-66.90585380567985,5.103749599436115,1.9503422061345093,70.80653821794888,2
1.730,1.73,48,2.0,KR_like,-66.6690793986219,0.7745382906466708,15.169037350951577,97.00715410052504,2
1.740,1.74,48,0.0,KR_like,-97.00715410052504,0.10939944281541335,15.206115735990634,97.00715410052504,2
1.740,1.74,48,0.0,lorentzian_like_2d,-70.80653821794888,3.8647624003242482,1.9584714291143688,70.80653821794888,2
1.740,1.74,48,0.1,KR_like,-95.48654252692599,0.14284787160916826,15.206115735990634,97.00715410052504,2
1.740,1.74,48,0.1,lorentzian_like_2d,-70.61069107503744,3.9266889409912387,1.9584714291143688,70.80653821794888,2
1.740,1.74,48,0.2,KR_like,-93.96593095332693,0.17629630040294328,15.206115735990634,97.00715410052504,2
1.740,1.74,48,0.2,lorentzian_like_2d,-70.414843932126,3.9886154816582042,1.9584714291143688,70.80653821794888,2
1.740,1.74,48,0.4,KR_like,-90.9247078061288,0.24319315799047825,15.206115735990634,97.00715410052504,2
1.740,1.74,48,0.4,lorentzian_like_2d,-70.02314964630312,4.112468562992166,1.9584714291143688,70.80653821794888,2
1.740,1.74,48,0.6,KR_like,-87.88348465893067,0.31009001557801824,15.206115735990634,97.00715410052504,2
1.740,1.74,48,0.6,lorentzian_like_2d,-69.63145536048026,4.236321644326112,1.9584714291143688,70.80653821794888,2
1.740,1.74,48,0.8,KR_like,-84.84226151173254,0.37698687316554313,15.206115735990634,97.00715410052504,2
1.740,1.74,48,0.8,lorentzian_like_2d,-69.2397610746574,4.360174725660072,1.9584714291143688,70.80653821794888,2
1.740,1.74,48,1.0,KR_like,-81.80103836453442,0.44388373075307813,15.206115735990634,97.00715410052504,2
1.740,1.74,48,1.0,lorentzian_like_2d,-68.8480667888345,4.484027806994044,1.9584714291143688,70.80653821794888,2
1.740,1.74,48,1.5,KR_like,-74.19798049653909,0.611125874721923,15.206115735990634,97.00715410052504,2
1.740,1.74,48,1.5,lorentzian_like_2d,-67.86883107427732,4.793660510328932,1.9584714291143688,70.80653821794888,2
1.740,1.74,48,2.0,lorentzian_like_2d,-66.88959535972015,5.10329321366382,1.9584714291143688,70.80653821794888,2
1.740,1.74,48,2.0,KR_like,-66.59492262854377,0.778368018690753,15.206115735990634,97.00715410052504,2
1.750,1.75,48,0.0,KR_like,-97.00715410052504,0.10939944281541335,15.243194121029692,97.00715410052504,2
1.750,1.75,48,0.0,lorentzian_like_2d,-70.80653821794888,3.8647624003242482,1.9666006520942285,70.80653821794888,2
1.750,1.75,48,0.1,KR_like,-95.48283468842207,0.14303935801137993,15.243194121029692,97.00715410052504,2
1.750,1.75,48,0.1,lorentzian_like_2d,-70.60987815273946,3.9266661217026138,1.9666006520942285,70.80653821794888,2
1.750,1.75,48,0.2,KR_like,-93.9585152763191,0.17667927320735652,15.243194121029692,97.00715410052504,2
1.750,1.75,48,0.2,lorentzian_like_2d,-70.41321808753003,3.988569843080984,1.9666006520942285,70.80653821794888,2
1.750,1.75,48,0.4,KR_like,-90.90987645211317,0.2439591035992997,15.243194121029692,97.00715410052504,2
1.750,1.75,48,0.4,lorentzian_like_2d,-70.01989795711118,4.112377285837705,1.9666006520942285,70.80653821794888,2
1.750,1.75,48,0.6,KR_like,-87.86123762790723,0.3112389339912429,15.243194121029692,97.00715410052504,2
1.750,1.75,48,0.6,lorentzian_like_2d,-69.62657782669234,4.236184728594431,1.9666006520942285,70.80653821794888,2
1.750,1.75,48,0.8,KR_like,-84.81259880370129,0.378518764383171,15.243194121029692,97.00715410052504,2
1.750,1.75,48,0.8,lorentzian_like_2d,-69.23325769627348,4.359992171351162,1.9666006520942285,70.80653821794888,2
1.750,1.75,48,1.0,KR_like,-81.76395997949535,0.44579859477512923,15.243194121029692,97.00715410052504,2
1.750,1.75,48,1.0,lorentzian_like_2d,-68.83993756585465,4.483799614107893,1.9666006520942285,70.80653821794888,2
1.750,1.75,48,1.5,KR_like,-74.14236291898052,0.6139981707549671,15.243194121029692,97.00715410052504,2
1.750,1.75,48,1.5,lorentzian_like_2d,-67.85663723980753,4.793318220999715,1.9666006520942285,70.80653821794888,2
1.750,1.75,48,2.0,lorentzian_like_2d,-66.87333691376043,5.102836827891517,1.9666006520942285,70.80653821794888,2
1.750,1.75,48,2.0,KR_like,-66.52076585846567,0.78219774673483,15.243194121029692,97.00715410052504,2
