scale_label,scale_factor,n,gamma,family,mean_score,std_score,mean_penalty,mean_log_H,entropy_method,count
1.400,1.4,48,0.0,KR_like,-96.44958361234353,0.2890590502161561,13.945450644662689,96.44958361234353,sis,2
1.400,1.4,48,0.0,lorentzian_like_2d,-70.80653821794888,3.8647624003242482,1.682077847799135,70.80653821794888,exact,2
1.400,1.4,48,0.1,KR_like,-95.05503854787725,0.31599694133500156,13.945450644662689,96.44958361234353,sis,2
1.400,1.4,48,0.1,lorentzian_like_2d,-70.63833043316896,3.9274647968041276,1.682077847799135,70.80653821794888,exact,2
1.400,1.4,48,0.2,KR_like,-93.66049348341099,0.3429348324538219,13.945450644662689,96.44958361234353,sis,2
1.400,1.4,48,0.2,lorentzian_like_2d,-70.47012264838905,3.990167193284013,1.682077847799135,70.80653821794888,exact,2
1.400,1.4,48,0.4,KR_like,-90.87140335447845,0.3968106146914928,13.945450644662689,96.44958361234353,sis,2
1.400,1.4,48,0.4,lorentzian_like_2d,-70.13370707882922,4.115571986243761,1.682077847799135,70.80653821794888,exact,2
1.400,1.4,48,0.6,KR_like,-88.0823132255459,0.45068639692915863,13.945450644662689,96.44958361234353,sis,2
1.400,1.4,48,0.6,lorentzian_like_2d,-69.7972915092694,4.240976779203517,1.682077847799135,70.80653821794888,exact,2
1.400,1.4,48,0.8,KR_like,-85.29322309661337,0.5045621791668145,13.945450644662689,96.44958361234353,sis,2
1.400,1.4,48,0.8,lorentzian_like_2d,-69.46087593970957,4.366381572163281,1.682077847799135,70.80653821794888,exact,2
1.400,1.4,48,1.0,KR_like,-82.50413296768083,0.5584379614044853,13.945450644662689,96.44958361234353,sis,2
1.400,1.4,48,1.0,lorentzian_like_2d,-69.12446037014973,4.491786365123045,1.682077847799135,70.80653821794888,exact,2
1.400,1.4,48,1.5,KR_like,-75.53140764534949,0.6931274169986424,13.945450644662689,96.44958361234353,sis,2
1.400,1.4,48,1.5,lorentzian_like_2d,-68.28342144625017,4.805298347522434,1.682077847799135,70.80653821794888,exact,2
1.400,1.4,48,2.0,KR_like,-68.55868232301815,0.8278168725927995,13.945450644662689,96.44958361234353,sis,2
1.400,1.4,48,2.0,lorentzian_like_2d,-67.4423825223506,5.118810329921815,1.682077847799135,70.80653821794888,exact,2
1.400,1.4,52,0.0,KR_like,-108.98561716545495,0.1687926850512494,14.661866740320256,108.98561716545495,sis,2
1.400,1.4,52,0.0,lorentzian_like_2d,-80.0565939072913,1.3148746304708359,1.3485666593422307,80.0565939072913,exact,2
1.400,1.4,52,0.1,KR_like,-107.51943049142292,0.22194397192140286,14.661866740320256,108.98561716545495,sis,2
1.400,1.4,52,0.1,lorentzian_like_2d,-79.92173724135708,1.3249545074384228,1.3485666593422307,80.0565939072913,exact,2
1.400,1.4,52,0.2,KR_like,-106.0532438173909,0.2750952587915513,14.661866740320256,108.98561716545495,sis,2
1.400,1.4,52,0.2,lorentzian_like_2d,-79.78688057542286,1.3350343844059898,1.3485666593422307,80.0565939072913,exact,2
1.400,1.4,52,0.4,KR_like,-103.12087046932685,0.3813978325318632,14.661866740320256,108.98561716545495,sis,2
1.400,1.4,52,0.4,lorentzian_like_2d,-79.51716724355441,1.3551941383411437,1.3485666593422307,80.0565939072913,exact,2
1.400,1.4,52,0.6,KR_like,-100.1884971212628,0.4877004062721651,14.661866740320256,108.98561716545495,sis,2
1.400,1.4,52,0.6,lorentzian_like_2d,-79.24745391168597,1.3753538922763127,1.3485666593422307,80.0565939072913,exact,2
1.400,1.4,52,0.8,KR_like,-97.25612377319875,0.5940029800124771,14.661866740320256,108.98561716545495,sis,2
1.400,1.4,52,0.8,lorentzian_like_2d,-78.97774057981752,1.3955136462114666,1.3485666593422307,80.0565939072913,exact,2
1.400,1.4,52,1.0,KR_like,-94.3237504251347,0.700305553752789,14.661866740320256,108.98561716545495,sis,2
1.400,1.4,52,1.0,lorentzian_like_2d,-78.70802724794908,1.4156734001466205,1.3485666593422307,80.0565939072913,exact,2
1.400,1.4,52,1.5,KR_like,-86.99281705497458,0.9660619881035513,14.661866740320256,108.98561716545495,sis,2
1.400,1.4,52,1.5,lorentzian_like_2d,-78.03374391827796,1.4660727849845152,1.3485666593422307,80.0565939072913,exact,2
1.400,1.4,52,2.0,KR_like,-79.66188368481444,1.2318184224543185,14.661866740320256,108.98561716545495,sis,2
1.400,1.4,52,2.0,lorentzian_like_2d,-77.35946058860685,1.5164721698224102,1.3485666593422307,80.0565939072913,exact,2
1.500,1.5,48,0.0,KR_like,-96.44958361234353,0.2890590502161561,14.31623449505326,96.44958361234353,sis,2
1.500,1.5,48,0.0,lorentzian_like_2d,-70.80653821794888,3.8647624003242482,1.763370077597733,70.80653821794888,exact,2
1.500,1.5,48,0.1,KR_like,-95.0179601628382,0.31791180535703756,14.31623449505326,96.44958361234353,sis,2
1.500,1.5,48,0.1,lorentzian_like_2d,-70.6302012101891,3.9272366039179865,1.763370077597733,70.80653821794888,exact,2
1.500,1.5,48,0.2,KR_like,-93.58633671333288,0.346764560497899,14.31623449505326,96.44958361234353,sis,2
1.500,1.5,48,0.2,lorentzian_like_2d,-70.45386420242933,3.98971080751171,1.763370077597733,70.80653821794888,exact,2
1.500,1.5,48,0.4,KR_like,-90.72308981432221,0.40447007077965197,14.31623449505326,96.44958361234353,sis,2
1.500,1.5,48,0.4,lorentzian_like_2d,-70.10119018690979,4.114659214699177,1.763370077597733,70.80653821794888,exact,2
1.500,1.5,48,0.6,KR_like,-87.85984291531156,0.46217558106139495,14.31623449505326,96.44958361234353,sis,2
1.500,1.5,48,0.6,lorentzian_like_2d,-69.74851617139024,4.239607621886644,1.763370077597733,70.80653821794888,exact,2
1.500,1.5,48,0.8,KR_like,-84.99659601630091,0.5198810913431379,14.31623449505326,96.44958361234353,sis,2
1.500,1.5,48,0.8,lorentzian_like_2d,-69.3958421558707,4.364556029074096,1.763370077597733,70.80653821794888,exact,2
1.500,1.5,48,1.0,KR_like,-82.13334911729027,0.5775866016248707,14.31623449505326,96.44958361234353,sis,2
1.500,1.5,48,1.0,lorentzian_like_2d,-69.04316814035114,4.489504436261559,1.763370077597733,70.80653821794888,exact,2
1.500,1.5,48,1.5,KR_like,-74.97523186976363,0.7218503773292432,14.31623449505326,96.44958361234353,sis,2
1.500,1.5,48,1.5,lorentzian_like_2d,-68.16148310155228,4.801875454230216,1.763370077597733,70.80653821794888,exact,2
1.500,1.5,48,2.0,KR_like,-67.817114622237,0.8661141530335954,14.31623449505326,96.44958361234353,sis,2
1.500,1.5,48,2.0,lorentzian_like_2d,-67.27979806275341,5.114246472198875,1.763370077597733,70.80653821794888,exact,2
1.500,1.5,52,0.0,KR_like,-108.98561716545495,0.1687926850512494,15.035337284754476,108.98561716545495,sis,2
1.500,1.5,52,0.0,lorentzian_like_2d,-80.0565939072913,1.3148746304708359,1.437643617156617,80.0565939072913,exact,2
1.500,1.5,52,0.1,KR_like,-107.48208343697951,0.22572271226861937,15.035337284754476,108.98561716545495,sis,2
1.500,1.5,52,0.1,lorentzian_like_2d,-79.91282954557565,1.3253525797673318,1.437643617156617,80.0565939072913,exact,2
1.500,1.5,52,0.2,KR_like,-105.97854970850406,0.28265273948600445,15.035337284754476,108.98561716545495,sis,2
1.500,1.5,52,0.2,lorentzian_like_2d,-79.76906518385998,1.335830529063838,1.437643617156617,80.0565939072913,exact,2
1.500,1.5,52,0.4,KR_like,-102.97148225155317,0.39651279392076444,15.035337284754476,108.98561716545495,sis,2
1.500,1.5,52,0.4,lorentzian_like_2d,-79.48153646042866,1.3567864276568349,1.437643617156617,80.0565939072913,exact,2
1.500,1.5,52,0.6,KR_like,-99.96441479460228,0.5103728483555044,15.035337284754476,108.98561716545495,sis,2
1.500,1.5,52,0.6,lorentzian_like_2d,-79.19400773699732,1.3777423262498267,1.437643617156617,80.0565939072913,exact,2
1.500,1.5,52,0.8,KR_like,-96.95734733765137,0.6242329027902495,15.035337284754476,108.98561716545495,sis,2
1.500,1.5,52,0.8,lorentzian_like_2d,-78.90647901356601,1.398698224842824,1.437643617156617,80.0565939072913,exact,2
1.500,1.5,52,1.0,KR_like,-93.95027988070048,0.7380929572250094,15.035337284754476,108.98561716545495,sis,2
1.500,1.5,52,1.0,lorentzian_like_2d,-78.61895029013468,1.4196541234358107,1.437643617156617,80.0565939072913,exact,2
1.500,1.5,52,1.5,KR_like,-86.43261123832323,1.0227430933118793,15.035337284754476,108.98561716545495,sis,2
1.500,1.5,52,1.5,lorentzian_like_2d,-77.90012848155638,1.4720438699183107,1.437643617156617,80.0565939072913,exact,2
1.500,1.5,52,2.0,KR_like,-78.914942595946,1.3073932293987494,15.035337284754476,108.98561716545495,sis,2
1.500,1.5,52,2.0,lorentzian_like_2d,-77.18130667297807,1.5244336164007957,1.437643617156617,80.0565939072913,exact,2
1.600,1.6,48,0.0,KR_like,-96.44958361234353,0.2890590502161561,14.687018345443835,96.44958361234353,sis,2
1.600,1.6,48,0.0,lorentzian_like_2d,-70.80653821794888,3.8647624003242482,1.8446623073963315,70.80653821794888,exact,2
1.600,1.6,48,0.1,KR_like,-94.98088177779914,0.3198266693790786,14.687018345443835,96.44958361234353,sis,2
1.600,1.6,48,0.1,lorentzian_like_2d,-70.62207198720924,3.9270084110318404,1.8446623073963315,70.80653821794888,exact,2
1.600,1.6,48,0.2,KR_like,-93.51217994325475,0.3505942885419811,14.687018345443835,96.44958361234353,sis,2
1.600,1.6,48,0.2,lorentzian_like_2d,-70.43760575646961,3.9892544217394277,1.8446623073963315,70.80653821794888,exact,2
1.600,1.6,48,0.4,KR_like,-90.574776274166,0.41212952686780613,14.687018345443835,96.44958361234353,sis,2
1.600,1.6,48,0.4,lorentzian_like_2d,-70.06867329499035,4.113746443154592,1.8446623073963315,70.80653821794888,exact,2
1.600,1.6,48,0.6,KR_like,-87.63737260507722,0.4736647651936312,14.687018345443835,96.44958361234353,sis,2
1.600,1.6,48,0.6,lorentzian_like_2d,-69.69974083351107,4.238238464569757,1.8446623073963315,70.80653821794888,exact,2
1.600,1.6,48,0.8,KR_like,-84.69996893598847,0.5352000035194562,14.687018345443835,96.44958361234353,sis,2
1.600,1.6,48,0.8,lorentzian_like_2d,-69.33080837203181,4.362730485984922,1.8446623073963315,70.80653821794888,exact,2
1.600,1.6,48,1.0,KR_like,-81.76256526689968,0.5967352418452813,14.687018345443835,96.44958361234353,sis,2
1.600,1.6,48,1.0,lorentzian_like_2d,-68.96187591055255,4.487222507400091,1.8446623073963315,70.80653821794888,exact,2
1.600,1.6,48,1.5,KR_like,-74.41905609417776,0.7505733376598388,14.687018345443835,96.44958361234353,sis,2
1.600,1.6,48,1.5,lorentzian_like_2d,-68.03954475685438,4.798452560938017,1.8446623073963315,70.80653821794888,exact,2
1.600,1.6,48,2.0,lorentzian_like_2d,-67.11721360315622,5.109682614475931,1.8446623073963315,70.80653821794888,exact,2
1.600,1.6,48,2.0,KR_like,-67.07554692145585,0.9044114334744014,14.687018345443835,96.44958361234353,sis,2
1.600,1.6,52,0.0,KR_like,-108.98561716545495,0.1687926850512494,15.4088078291887,108.98561716545495,sis,2
1.600,1.6,52,0.0,lorentzian_like_2d,-80.0565939072913,1.3148746304708359,1.5267205749710038,80.0565939072913,exact,2
1.600,1.6,52,0.1,KR_like,-107.44473638253609,0.229501452615856,15.4088078291887,108.98561716545495,sis,2
1.600,1.6,52,0.1,lorentzian_like_2d,-79.9039218497942,1.325750652096251,1.5267205749710038,80.0565939072913,exact,2
1.600,1.6,52,0.2,KR_like,-105.9038555996172,0.29021022018043746,15.4088078291887,108.98561716545495,sis,2
1.600,1.6,52,0.2,lorentzian_like_2d,-79.7512497922971,1.3366266737216659,1.5267205749710038,80.0565939072913,exact,2
1.600,1.6,52,0.4,KR_like,-102.82209403377948,0.4116277553096356,15.4088078291887,108.98561716545495,sis,2
1.600,1.6,52,0.4,lorentzian_like_2d,-79.4459056773029,1.358378716972511,1.5267205749710038,80.0565939072913,exact,2
1.600,1.6,52,0.6,KR_like,-99.74033246794173,0.5330452904388236,15.4088078291887,108.98561716545495,sis,2
1.600,1.6,52,0.6,lorentzian_like_2d,-79.1405615623087,1.380130760223346,1.5267205749710038,80.0565939072913,exact,2
1.600,1.6,52,0.8,KR_like,-96.658570902104,0.6544628255680368,15.4088078291887,108.98561716545495,sis,2
1.600,1.6,52,0.8,lorentzian_like_2d,-78.8352174473145,1.4018828034741913,1.5267205749710038,80.0565939072913,exact,2
1.600,1.6,52,1.0,KR_like,-93.57680933626625,0.7758803606972098,15.4088078291887,108.98561716545495,sis,2
1.600,1.6,52,1.0,lorentzian_like_2d,-78.5298733323203,1.423634846725021,1.5267205749710038,80.0565939072913,exact,2
1.600,1.6,52,1.5,KR_like,-85.8724054216719,1.0794241985202027,15.4088078291887,108.98561716545495,sis,2
1.600,1.6,52,1.5,lorentzian_like_2d,-77.7665130448348,1.4780149548521013,1.5267205749710038,80.0565939072913,exact,2
1.600,1.6,52,2.0,KR_like,-78.16800150707755,1.3829680363431853,15.4088078291887,108.98561716545495,sis,2
1.600,1.6,52,2.0,lorentzian_like_2d,-77.0031527573493,1.5323950629791965,1.5267205749710038,80.0565939072913,exact,2
1.700,1.7,48,0.0,KR_like,-96.44958361234353,0.2890590502161561,15.057802195834405,96.44958361234353,sis,2
1.700,1.7,48,0.0,lorentzian_like_2d,-70.80653821794888,3.8647624003242482,1.9259545371949294,70.80653821794888,exact,2
1.700,1.7,48,0.1,KR_like,-94.94380339276009,0.32174153340111467,15.057802195834405,96.44958361234353,sis,2
1.700,1.7,48,0.1,lorentzian_like_2d,-70.61394276422939,3.9267802181456894,1.9259545371949294,70.80653821794888,exact,2
1.700,1.7,48,0.2,KR_like,-93.43802317317665,0.3544240165860582,15.057802195834405,96.44958361234353,sis,2
1.700,1.7,48,0.2,lorentzian_like_2d,-70.42134731050989,3.9887980359671253,1.9259545371949294,70.80653821794888,exact,2
1.700,1.7,48,0.4,KR_like,-90.42646273400976,0.41978898295596534,15.057802195834405,96.44958361234353,sis,2
1.700,1.7,48,0.4,lorentzian_like_2d,-70.0361564030709,4.112833671610007,1.9259545371949294,70.80653821794888,exact,2
1.700,1.7,48,0.6,KR_like,-87.41490229484288,0.4851539493258675,15.057802195834405,96.44958361234353,sis,2
1.700,1.7,48,0.6,lorentzian_like_2d,-69.65096549563191,4.236869307252884,1.9259545371949294,70.80653821794888,exact,2
1.700,1.7,48,0.8,KR_like,-84.40334185567599,0.5505189156957746,15.057802195834405,96.44958361234353,sis,2
1.700,1.7,48,0.8,lorentzian_like_2d,-69.26577458819293,4.360904942895747,1.9259545371949294,70.80653821794888,exact,2
1.700,1.7,48,1.0,KR_like,-81.39178141650912,0.6158838820656667,15.057802195834405,96.44958361234353,sis,2
1.700,1.7,48,1.0,lorentzian_like_2d,-68.88058368075394,4.4849405785386285,1.9259545371949294,70.80653821794888,exact,2
1.700,1.7,48,1.5,KR_like,-73.86288031859192,0.7792962979904295,15.057802195834405,96.44958361234353,sis,2
1.700,1.7,48,1.5,lorentzian_like_2d,-67.91760641215649,4.795029667645804,1.9259545371949294,70.80653821794888,exact,2
1.700,1.7,48,2.0,lorentzian_like_2d,-66.95462914355902,5.105118756753002,1.9259545371949294,70.80653821794888,exact,2
1.700,1.7,48,2.0,KR_like,-66.3339792206747,0.9427087139151974,15.057802195834405,96.44958361234353,sis,2
1.700,1.7,52,0.0,KR_like,-108.98561716545495,0.1687926850512494,15.782278373622919,108.98561716545495,sis,2
1.700,1.7,52,0.0,lorentzian_like_2d,-80.0565939072913,1.3148746304708359,1.6157975327853897,80.0565939072913,exact,2
1.700,1.7,52,0.1,KR_like,-107.40738932809266,0.23328019296306246,15.782278373622919,108.98561716545495,sis,2
1.700,1.7,52,0.1,lorentzian_like_2d,-79.89501415401276,1.32614872442517,1.6157975327853897,80.0565939072913,exact,2
1.700,1.7,52,0.2,KR_like,-105.82916149073037,0.2977677008748956,15.782278373622919,108.98561716545495,sis,2
1.700,1.7,52,0.2,lorentzian_like_2d,-79.73343440073423,1.337422818379514,1.6157975327853897,80.0565939072913,exact,2
1.700,1.7,52,0.4,KR_like,-102.67270581600579,0.42674271669852176,15.782278373622919,108.98561716545495,sis,2
1.700,1.7,52,0.4,lorentzian_like_2d,-79.41027489417715,1.3599710062881871,1.6157975327853897,80.0565939072913,exact,2
1.700,1.7,52,0.6,KR_like,-99.5162501412812,0.5557177325221679,15.782278373622919,108.98561716545495,sis,2
1.700,1.7,52,0.6,lorentzian_like_2d,-79.08711538762006,1.3825191941968553,1.6157975327853897,80.0565939072913,exact,2
1.700,1.7,52,0.8,KR_like,-96.35979446655662,0.6846927483458092,15.782278373622919,108.98561716545495,sis,2
1.700,1.7,52,0.8,lorentzian_like_2d,-78.763955881063,1.4050673821055435,1.6157975327853897,80.0565939072913,exact,2
1.700,1.7,52,1.0,KR_like,-93.20333879183204,0.8136677641694403,15.782278373622919,108.98561716545495,sis,2
1.700,1.7,52,1.0,lorentzian_like_2d,-78.44079637450591,1.4276155700142115,1.6157975327853897,80.0565939072913,exact,2
1.700,1.7,52,1.5,KR_like,-85.31219960502057,1.136105303728531,15.782278373622919,108.98561716545495,sis,2
1.700,1.7,52,1.5,lorentzian_like_2d,-77.63289760811321,1.4839860397858968,1.6157975327853897,80.0565939072913,exact,2
1.700,1.7,52,2.0,KR_like,-77.42106041820912,1.4585428432876313,15.782278373622919,108.98561716545495,sis,2
1.700,1.7,52,2.0,lorentzian_like_2d,-76.82499884172051,1.5403565095575822,1.6157975327853897,80.0565939072913,exact,2
1.800,1.8,48,0.0,KR_like,-96.44958361234353,0.2890590502161561,15.428586046224979,96.44958361234353,sis,2
1.800,1.8,48,0.0,lorentzian_like_2d,-70.80653821794888,3.8647624003242482,2.0072467669935277,70.80653821794888,exact,2
1.800,1.8,48,0.1,KR_like,-94.90672500772102,0.32365639742315067,15.428586046224979,96.44958361234353,sis,2
1.800,1.8,48,0.1,lorentzian_like_2d,-70.60581354124952,3.926552025259543,2.0072467669935277,70.80653821794888,exact,2
1.800,1.8,48,0.2,KR_like,-93.36386640309853,0.35825374463015036,15.428586046224979,96.44958361234353,sis,2
1.800,1.8,48,0.2,lorentzian_like_2d,-70.40508886455018,3.988341650194828,2.0072467669935277,70.80653821794888,exact,2
1.800,1.8,48,0.4,KR_like,-90.27814919385354,0.42744843904412955,15.428586046224979,96.44958361234353,sis,2
1.800,1.8,48,0.4,lorentzian_like_2d,-70.00363951115148,4.111920900065408,2.0072467669935277,70.80653821794888,exact,2
1.800,1.8,48,0.6,KR_like,-87.19243198460853,0.49664313345810873,15.428586046224979,96.44958361234353,sis,2
1.800,1.8,48,0.6,lorentzian_like_2d,-69.60219015775277,4.235500149935987,2.0072467669935277,70.80653821794888,exact,2
1.800,1.8,48,0.8,KR_like,-84.10671477536354,0.5658378278720879,15.428586046224979,96.44958361234353,sis,2
1.800,1.8,48,0.8,lorentzian_like_2d,-69.20074080435406,4.359079399806582,2.0072467669935277,70.80653821794888,exact,2
1.800,1.8,48,1.0,KR_like,-81.02099756611855,0.6350325222860722,15.428586046224979,96.44958361234353,sis,2
1.800,1.8,48,1.0,lorentzian_like_2d,-68.79929145095534,4.482658649677157,2.0072467669935277,70.80653821794888,exact,2
1.800,1.8,48,1.5,KR_like,-73.30670454300605,0.8080192583210253,15.428586046224979,96.44958361234353,sis,2
1.800,1.8,48,1.5,lorentzian_like_2d,-67.79566806745859,4.791606774353606,2.0072467669935277,70.80653821794888,exact,2
1.800,1.8,48,2.0,lorentzian_like_2d,-66.79204468396182,5.100554899030057,2.0072467669935277,70.80653821794888,exact,2
1.800,1.8,48,2.0,KR_like,-65.59241151989357,0.9810059943559833,15.428586046224979,96.44958361234353,sis,2
1.800,1.8,52,0.0,KR_like,-108.98561716545495,0.1687926850512494,16.155748918057142,108.98561716545495,sis,2
1.800,1.8,52,0.0,lorentzian_like_2d,-80.0565939072913,1.3148746304708359,1.7048744905997761,80.0565939072913,exact,2
1.800,1.8,52,0.1,KR_like,-107.37004227364923,0.23705893331028904,16.155748918057142,108.98561716545495,sis,2
1.800,1.8,52,0.1,lorentzian_like_2d,-79.88610645823132,1.326546796754099,1.7048744905997761,80.0565939072913,exact,2
1.800,1.8,52,0.2,KR_like,-105.75446738184353,0.30532518156933874,16.155748918057142,108.98561716545495,sis,2
1.800,1.8,52,0.2,lorentzian_like_2d,-79.71561900917135,1.338218963037357,1.7048744905997761,80.0565939072913,exact,2
1.800,1.8,52,0.4,KR_like,-102.5233175982321,0.44185767808740795,16.155748918057142,108.98561716545495,sis,2
1.800,1.8,52,0.4,lorentzian_like_2d,-79.3746441110514,1.3615632956038684,1.7048744905997761,80.0565939072913,exact,2
1.800,1.8,52,0.6,KR_like,-99.29216781462067,0.5783901746054972,16.155748918057142,108.98561716545495,sis,2
1.800,1.8,52,0.6,lorentzian_like_2d,-79.03366921293144,1.3849076281703896,1.7048744905997761,80.0565939072913,exact,2
1.800,1.8,52,0.8,KR_like,-96.06101803100924,0.7149226711235666,16.155748918057142,108.98561716545495,sis,2
1.800,1.8,52,0.8,lorentzian_like_2d,-78.69269431481148,1.4082519607369006,1.7048744905997761,80.0565939072913,exact,2
1.800,1.8,52,1.0,KR_like,-92.82986824739781,0.8514551676416557,16.155748918057142,108.98561716545495,sis,2
1.800,1.8,52,1.0,lorentzian_like_2d,-78.35171941669152,1.431596293303407,1.7048744905997761,80.0565939072913,exact,2
1.800,1.8,52,1.5,KR_like,-84.75199378836925,1.1927864089368692,16.155748918057142,108.98561716545495,sis,2
1.800,1.8,52,1.5,lorentzian_like_2d,-77.49928217139164,1.4899571247197025,1.7048744905997761,80.0565939072913,exact,2
1.800,1.8,52,2.0,KR_like,-76.67411932934067,1.5341176502320621,16.155748918057142,108.98561716545495,sis,2
1.800,1.8,52,2.0,lorentzian_like_2d,-76.64684492609175,1.548317956135983,1.7048744905997761,80.0565939072913,exact,2
1.900,1.9,48,0.0,KR_like,-96.44958361234353,0.2890590502161561,15.799369896615552,96.44958361234353,sis,2
1.900,1.9,48,0.0,lorentzian_like_2d,-70.80653821794888,3.8647624003242482,2.088538996792126,70.80653821794888,exact,2
1.900,1.9,48,0.1,KR_like,-94.86964662268197,0.3255712614451867,15.799369896615552,96.44958361234353,sis,2
1.900,1.9,48,0.1,lorentzian_like_2d,-70.59768431826967,3.9263238323733867,2.088538996792126,70.80653821794888,exact,2
1.900,1.9,48,0.2,KR_like,-93.28970963302041,0.3620834726742224,15.799369896615552,96.44958361234353,sis,2
1.900,1.9,48,0.2,lorentzian_like_2d,-70.38883041859046,3.987885264422525,2.088538996792126,70.80653821794888,exact,2
1.900,1.9,48,0.4,KR_like,-90.12983565369731,0.43510789513227865,15.799369896615552,96.44958361234353,sis,2
1.900,1.9,48,0.4,lorentzian_like_2d,-69.97112261923203,4.111008128520822,2.088538996792126,70.80653821794888,exact,2
1.900,1.9,48,0.6,KR_like,-86.96996167437419,0.508132317590345,15.799369896615552,96.44958361234353,sis,2
1.900,1.9,48,0.6,lorentzian_like_2d,-69.55341481987361,4.2341309926191,2.088538996792126,70.80653821794888,exact,2
1.900,1.9,48,0.8,KR_like,-83.81008769505108,0.5811567400484164,15.799369896615552,96.44958361234353,sis,2
1.900,1.9,48,0.8,lorentzian_like_2d,-69.13570702051518,4.3572538567173975,2.088538996792126,70.80653821794888,exact,2
1.900,1.9,48,1.0,KR_like,-80.65021371572797,0.6541811625064676,15.799369896615552,96.44958361234353,sis,2
1.900,1.9,48,1.0,lorentzian_like_2d,-68.71799922115676,4.480376720815674,2.088538996792126,70.80653821794888,exact,2
1.900,1.9,48,1.5,KR_like,-72.75052876742019,0.8367422186516259,15.799369896615552,96.44958361234353,sis,2
1.900,1.9,48,1.5,lorentzian_like_2d,-67.6737297227607,4.7881838810613875,2.088538996792126,70.80653821794888,exact,2
1.900,1.9,48,2.0,lorentzian_like_2d,-66.62946022436462,5.095991041307113,2.088538996792126,70.80653821794888,exact,2
1.900,1.9,48,2.0,KR_like,-64.85084381911241,1.0193032747967792,15.799369896615552,96.44958361234353,sis,2
1.900,1.9,52,0.0,KR_like,-108.98561716545495,0.1687926850512494,16.529219462491362,108.98561716545495,sis,2
1.900,1.9,52,0.0,lorentzian_like_2d,-80.0565939072913,1.3148746304708359,1.7939514484141625,80.0565939072913,exact,2
1.900,1.9,52,0.1,KR_like,-107.33269521920582,0.24083767365750555,16.529219462491362,108.98561716545495,sis,2
1.900,1.9,52,0.1,lorentzian_like_2d,-79.87719876244988,1.326944869083013,1.7939514484141625,80.0565939072913,exact,2
1.900,1.9,52,0.2,KR_like,-105.67977327295668,0.3128826622637818,16.529219462491362,108.98561716545495,sis,2
1.900,1.9,52,0.2,lorentzian_like_2d,-79.69780361760847,1.3390151076951902,1.7939514484141625,80.0565939072913,exact,2
1.900,1.9,52,0.4,KR_like,-102.3739293804584,0.4569726394762992,16.529219462491362,108.98561716545495,sis,2
1.900,1.9,52,0.4,lorentzian_like_2d,-79.33901332792564,1.3631555849195445,1.7939514484141625,80.0565939072913,exact,2
1.900,1.9,52,0.6,KR_like,-99.06808548796013,0.6010626166888265,16.529219462491362,108.98561716545495,sis,2
1.900,1.9,52,0.6,lorentzian_like_2d,-78.9802230382428,1.3872960621438988,1.7939514484141625,80.0565939072913,exact,2
1.900,1.9,52,0.8,KR_like,-95.76224159546186,0.7451525939013439,16.529219462491362,108.98561716545495,sis,2
1.900,1.9,52,0.8,lorentzian_like_2d,-78.62143274855997,1.4114365393682529,1.7939514484141625,80.0565939072913,exact,2
1.900,1.9,52,1.0,KR_like,-92.45639770296359,0.8892425711138763,16.529219462491362,108.98561716545495,sis,2
1.900,1.9,52,1.0,lorentzian_like_2d,-78.26264245887714,1.4355770165926072,1.7939514484141625,80.0565939072913,exact,2
1.900,1.9,52,1.5,KR_like,-84.19178797171791,1.2494675141451923,16.529219462491362,108.98561716545495,sis,2
1.900,1.9,52,1.5,lorentzian_like_2d,-77.36566673467006,1.4959282096534932,1.7939514484141625,80.0565939072913,exact,2
1.900,1.9,52,2.0,lorentzian_like_2d,-76.46869101046298,1.5562794027143787,1.7939514484141625,80.0565939072913,exact,2
1.900,1.9,52,2.0,KR_like,-75.92717824047223,1.6096924571765132,16.529219462491362,108.98561716545495,sis,2
2.000,2.0,48,0.0,KR_like,-96.44958361234353,0.2890590502161561,16.170153747006122,96.44958361234353,sis,2
2.000,2.0,48,0.0,lorentzian_like_2d,-70.80653821794888,3.8647624003242482,2.1698312265907242,70.80653821794888,exact,2
2.000,2.0,48,0.1,KR_like,-94.8325682376429,0.3274861254672378,16.170153747006122,96.44958361234353,sis,2
2.000,2.0,48,0.1,lorentzian_like_2d,-70.5895550952898,3.9260956394872557,2.1698312265907242,70.80653821794888,exact,2
2.000,2.0,48,0.2,KR_like,-93.2155528629423,0.36591320071829947,16.170153747006122,96.44958361234353,sis,2
2.000,2.0,48,0.2,lorentzian_like_2d,-70.37257197263074,3.987428878650243,2.1698312265907242,70.80653821794888,exact,2
2.000,2.0,48,0.4,KR_like,-89.98152211354108,0.44276735122043787,16.170153747006122,96.44958361234353,sis,2
2.000,2.0,48,0.4,lorentzian_like_2d,-69.93860572731259,4.110095356976237,2.1698312265907242,70.80653821794888,exact,2
2.000,2.0,48,0.6,KR_like,-86.74749136413985,0.5196215017225813,16.170153747006122,96.44958361234353,sis,2
2.000,2.0,48,0.6,lorentzian_like_2d,-69.50463948199445,4.232761835302227,2.1698312265907242,70.80653821794888,exact,2
2.000,2.0,48,0.8,KR_like,-83.51346061473862,0.5964756522247248,16.170153747006122,96.44958361234353,sis,2
2.000,2.0,48,0.8,lorentzian_like_2d,-69.0706732366763,4.355428313628223,2.1698312265907242,70.80653821794888,exact,2
2.000,2.0,48,1.0,KR_like,-80.27942986533739,0.6733298027268632,16.170153747006122,96.44958361234353,sis,2
2.000,2.0,48,1.0,lorentzian_like_2d,-68.63670699135815,4.478094791954217,2.1698312265907242,70.80653821794888,exact,2
2.000,2.0,48,1.5,KR_like,-72.19435299183434,0.8654651789822216,16.170153747006122,96.44958361234353,sis,2
2.000,2.0,48,1.5,lorentzian_like_2d,-67.5517913780628,4.7847609877691895,2.1698312265907242,70.80653821794888,exact,2
2.000,2.0,48,2.0,lorentzian_like_2d,-66.46687576476742,5.0914271835841864,2.1698312265907242,70.80653821794888,exact,2
2.000,2.0,48,2.0,KR_like,-64.10927611833128,1.0576005552375651,16.170153747006122,96.44958361234353,sis,2
2.000,2.0,52,0.0,KR_like,-108.98561716545495,0.1687926850512494,16.90269000692558,108.98561716545495,sis,2
2.000,2.0,52,0.0,lorentzian_like_2d,-80.0565939072913,1.3148746304708359,1.8830284062285487,80.0565939072913,exact,2
2.000,2.0,52,0.1,KR_like,-107.2953481647624,0.24461641400474218,16.90269000692558,108.98561716545495,sis,2
2.000,2.0,52,0.1,lorentzian_like_2d,-79.86829106666845,1.3273429414119269,1.8830284062285487,80.0565939072913,exact,2
2.000,2.0,52,0.2,KR_like,-105.60507916406983,0.32044014295822487,16.90269000692558,108.98561716545495,sis,2
2.000,2.0,52,0.2,lorentzian_like_2d,-79.6799882260456,1.3398112523530332,1.8830284062285487,80.0565939072913,exact,2
2.000,2.0,52,0.4,KR_like,-102.22454116268472,0.4720876008651853,16.90269000692558,108.98561716545495,sis,2
2.000,2.0,52,0.4,lorentzian_like_2d,-79.30338254479989,1.3647478742352355,1.8830284062285487,80.0565939072913,exact,2
2.000,2.0,52,0.6,KR_like,-98.84400316129961,0.6237350587721558,16.90269000692558,108.98561716545495,sis,2
2.000,2.0,52,0.6,lorentzian_like_2d,-78.92677686355418,1.389684496117418,1.8830284062285487,80.0565939072913,exact,2
2.000,2.0,52,0.8,KR_like,-95.46346515991449,0.7753825166791314,16.90269000692558,108.98561716545495,sis,2
2.000,2.0,52,0.8,lorentzian_like_2d,-78.55017118230847,1.4146211179996204,1.8830284062285487,80.0565939072913,exact,2
2.000,2.0,52,1.0,KR_like,-92.08292715852937,0.9270299745861068,16.90269000692558,108.98561716545495,sis,2
2.000,2.0,52,1.0,lorentzian_like_2d,-78.17356550106275,1.4395577398818076,1.8830284062285487,80.0565939072913,exact,2
2.000,2.0,52,1.5,KR_like,-83.63158215506658,1.3061486193535154,16.90269000692558,108.98561716545495,sis,2
2.000,2.0,52,1.5,lorentzian_like_2d,-77.23205129794849,1.5018992945872986,1.8830284062285487,80.0565939072913,exact,2
2.000,2.0,52,2.0,lorentzian_like_2d,-76.2905370948342,1.5642408492927795,1.8830284062285487,80.0565939072913,exact,2
2.000,2.0,52,2.0,KR_like,-75.18023715160379,1.685267264120944,16.90269000692558,108.98561716545495,sis,2
2.100,2.1,48,0.0,KR_like,-96.44958361234353,0.2890590502161561,16.540937597396695,96.44958361234353,sis,2
2.100,2.1,48,0.0,lorentzian_like_2d,-70.80653821794888,3.8647624003242482,2.2511234563893225,70.80653821794888,exact,2
2.100,2.1,48,0.1,KR_like,-94.79548985260385,0.3294009894892738,16.540937597396695,96.44958361234353,sis,2
2.100,2.1,48,0.1,lorentzian_like_2d,-70.58142587230995,3.9258674466011043,2.2511234563893225,70.80653821794888,exact,2
2.100,2.1,48,0.2,KR_like,-93.14139609286418,0.36974292876238657,16.540937597396695,96.44958361234353,sis,2
2.100,2.1,48,0.2,lorentzian_like_2d,-70.35631352667102,3.9869724928779404,2.2511234563893225,70.80653821794888,exact,2
2.100,2.1,48,0.4,KR_like,-89.83320857338485,0.4504268073086021,16.540937597396695,96.44958361234353,sis,2
2.100,2.1,48,0.4,lorentzian_like_2d,-69.90608883539315,4.109182585431648,2.2511234563893225,70.80653821794888,exact,2
2.100,2.1,48,0.6,KR_like,-86.5250210539055,0.5311106858548176,16.540937597396695,96.44958361234353,sis,2
2.100,2.1,48,0.6,lorentzian_like_2d,-69.45586414411528,4.23139267798534,2.2511234563893225,70.80653821794888,exact,2
2.100,2.1,48,0.8,KR_like,-83.21683353442617,0.6117945644010381,16.540937597396695,96.44958361234353,sis,2
2.100,2.1,48,0.8,lorentzian_like_2d,-69.00563945283741,4.353602770539048,2.2511234563893225,70.80653821794888,exact,2
2.100,2.1,48,1.0,KR_like,-79.90864601494684,0.6924784429472536,16.540937597396695,96.44958361234353,sis,2
2.100,2.1,48,1.0,lorentzian_like_2d,-68.55541476155955,4.47581286309274,2.2511234563893225,70.80653821794888,exact,2
2.100,2.1,48,1.5,KR_like,-71.6381772162485,0.8941881393128124,16.540937597396695,96.44958361234353,sis,2
2.100,2.1,48,1.5,lorentzian_like_2d,-67.42985303336489,4.781338094476986,2.2511234563893225,70.80653821794888,exact,2
2.100,2.1,48,2.0,lorentzian_like_2d,-66.30429130517024,5.086863325861232,2.2511234563893225,70.80653821794888,exact,2
2.100,2.1,48,2.0,KR_like,-63.36770841755013,1.0958978356783662,16.540937597396695,96.44958361234353,sis,2
2.100,2.1,52,0.0,KR_like,-108.98561716545495,0.1687926850512494,17.276160551359805,108.98561716545495,sis,2
2.100,2.1,52,0.0,lorentzian_like_2d,-80.0565939072913,1.3148746304708359,1.972105364042935,80.0565939072913,exact,2
2.100,2.1,52,0.1,KR_like,-107.25800111031899,0.24839515435196372,17.276160551359805,108.98561716545495,sis,2
2.100,2.1,52,0.1,lorentzian_like_2d,-79.859383370887,1.327741013740846,1.972105364042935,80.0565939072913,exact,2
2.100,2.1,52,0.2,KR_like,-105.53038505518299,0.32799762365265295,17.276160551359805,108.98561716545495,sis,2
2.100,2.1,52,0.2,lorentzian_like_2d,-79.66217283448272,1.3406073970108663,1.972105364042935,80.0565939072913,exact,2
2.100,2.1,52,0.4,KR_like,-102.07515294491103,0.48720256225407155,17.276160551359805,108.98561716545495,sis,2
2.100,2.1,52,0.4,lorentzian_like_2d,-79.26775176167413,1.3663401635509118,1.972105364042935,80.0565939072913,exact,2
2.100,2.1,52,0.6,KR_like,-98.61992083463906,0.6464075008554901,17.276160551359805,108.98561716545495,sis,2
2.100,2.1,52,0.6,lorentzian_like_2d,-78.87333068886554,1.392072930090932,1.972105364042935,80.0565939072913,exact,2
2.100,2.1,52,0.8,KR_like,-95.16468872436711,0.8056124394569036,17.276160551359805,108.98561716545495,sis,2
2.100,2.1,52,0.8,lorentzian_like_2d,-78.47890961605695,1.4178056966309776,1.972105364042935,80.0565939072913,exact,2
2.100,2.1,52,1.0,KR_like,-91.70945661409516,0.9648173780583172,17.276160551359805,108.98561716545495,sis,2
2.100,2.1,52,1.0,lorentzian_like_2d,-78.08448854324837,1.443538463171008,1.972105364042935,80.0565939072913,exact,2
2.100,2.1,52,1.5,KR_like,-83.07137633841523,1.3628297245618437,17.276160551359805,108.98561716545495,sis,2
2.100,2.1,52,1.5,lorentzian_like_2d,-77.0984358612269,1.5078703795210942,1.972105364042935,80.0565939072913,exact,2
2.100,2.1,52,2.0,lorentzian_like_2d,-76.11238317920544,1.5722022958711752,1.972105364042935,80.0565939072913,exact,2
2.100,2.1,52,2.0,KR_like,-74.43329606273534,1.76084207106538,17.276160551359805,108.98561716545495,sis,2
2.200,2.2,48,0.0,KR_like,-96.44958361234353,0.2890590502161561,16.911721447787265,96.44958361234353,sis,2
2.200,2.2,48,0.0,lorentzian_like_2d,-70.80653821794888,3.8647624003242482,2.332415686187921,70.80653821794888,exact,2
2.200,2.2,48,0.1,KR_like,-94.7584114675648,0.3313158535113149,16.911721447787265,96.44958361234353,sis,2
2.200,2.2,48,0.1,lorentzian_like_2d,-70.57329664933009,3.9256392537149583,2.332415686187921,70.80653821794888,exact,2
2.200,2.2,48,0.2,KR_like,-93.06723932278607,0.3735726568064587,16.911721447787265,96.44958361234353,sis,2
2.200,2.2,48,0.2,lorentzian_like_2d,-70.3400550807113,3.986516107105653,2.332415686187921,70.80653821794888,exact,2
2.200,2.2,48,0.4,KR_like,-89.68489503322863,0.45808626339675124,16.911721447787265,96.44958361234353,sis,2
2.200,2.2,48,0.4,lorentzian_like_2d,-69.8735719434737,4.1082698138870635,2.332415686187921,70.80653821794888,exact,2
2.200,2.2,48,0.6,KR_like,-86.30255074367116,0.5425998699870538,16.911721447787265,96.44958361234353,sis,2
2.200,2.2,48,0.6,lorentzian_like_2d,-69.40708880623612,4.2300235206684675,2.332415686187921,70.80653821794888,exact,2
2.200,2.2,48,0.8,KR_like,-82.92020645411371,0.6271134765773615,16.911721447787265,96.44958361234353,sis,2
2.200,2.2,48,0.8,lorentzian_like_2d,-68.94060566899853,4.351777227449878,2.332415686187921,70.80653821794888,exact,2
2.200,2.2,48,1.0,KR_like,-79.53786216455626,0.7116270831676541,16.911721447787265,96.44958361234353,sis,2
2.200,2.2,48,1.0,lorentzian_like_2d,-68.47412253176095,4.473530934231273,2.332415686187921,70.80653821794888,exact,2
2.200,2.2,48,1.5,KR_like,-71.08200144066262,0.922911099643408,16.911721447787265,96.44958361234353,sis,2
2.200,2.2,48,1.5,lorentzian_like_2d,-67.307914688667,4.777915201184788,2.332415686187921,70.80653821794888,exact,2
2.200,2.2,48,2.0,lorentzian_like_2d,-66.14170684557303,5.082299468138298,2.332415686187921,70.80653821794888,exact,2
2.200,2.2,48,2.0,KR_like,-62.62614071676899,1.1341951161191546,16.911721447787265,96.44958361234353,sis,2
2.200,2.2,52,0.0,KR_like,-108.98561716545495,0.1687926850512494,17.649631095794028,108.98561716545495,sis,2
2.200,2.2,52,0.0,lorentzian_like_2d,-80.0565939072913,1.3148746304708359,2.0611823218573218,80.0565939072913,exact,2
2.200,2.2,52,0.1,KR_like,-107.22065405587554,0.2521738946991752,17.649631095794028,108.98561716545495,sis,2
2.200,2.2,52,0.1,lorentzian_like_2d,-79.85047567510557,1.328139086069775,2.0611823218573218,80.0565939072913,exact,2
2.200,2.2,52,0.2,KR_like,-105.45569094629616,0.33555510434710606,17.649631095794028,108.98561716545495,sis,2
2.200,2.2,52,0.2,lorentzian_like_2d,-79.64435744291984,1.3414035416687093,2.0611823218573218,80.0565939072913,exact,2
2.200,2.2,52,0.4,KR_like,-101.92576472713733,0.5023175236429577,17.649631095794028,108.98561716545495,sis,2
2.200,2.2,52,0.4,lorentzian_like_2d,-79.23212097854838,1.367932452866588,2.0611823218573218,80.0565939072913,exact,2
2.200,2.2,52,0.6,KR_like,-98.39583850797854,0.6690799429388143,17.649631095794028,108.98561716545495,sis,2
2.200,2.2,52,0.6,lorentzian_like_2d,-78.8198845141769,1.3944613640644514,2.0611823218573218,80.0565939072913,exact,2
2.200,2.2,52,0.8,KR_like,-94.86591228881973,0.835842362234676,17.649631095794028,108.98561716545495,sis,2
2.200,2.2,52,0.8,lorentzian_like_2d,-78.40764804980545,1.4209902752623298,2.0611823218573218,80.0565939072913,exact,2
2.200,2.2,52,1.0,KR_like,-91.33598606966092,1.0026047815305226,17.649631095794028,108.98561716545495,sis,2
2.200,2.2,52,1.0,lorentzian_like_2d,-77.99541158543397,1.4475191864601933,2.0611823218573218,80.0565939072913,exact,2
2.200,2.2,52,1.5,KR_like,-82.51117052176392,1.419510829770182,17.649631095794028,108.98561716545495,sis,2
2.200,2.2,52,1.5,lorentzian_like_2d,-76.96482042450532,1.5138414644548848,2.0611823218573218,80.0565939072913,exact,2
2.200,2.2,52,2.0,lorentzian_like_2d,-75.93422926357667,1.580163742449576,2.0611823218573218,80.0565939072913,exact,2
2.200,2.2,52,2.0,KR_like,-73.68635497386691,1.836416878009821,17.649631095794028,108.98561716545495,sis,2
