stage,n,n_cg,family,sample_id,seed_offset,keep_ratio,cg_repeat,gamma,beta,action_mode,entropy_method,log_H,penalty_local,score_local,penalty_global_consistency,score_augmented,score_augmented_full,sig_comp,sig_d_eff,sig_height_ratio,sig_width_ratio,sig_degree_var,sig_interval_empty,sig_interval_size_ratio,base_family_rank
original,30,30,lorentzian_like_2d,0,170000,1.0,0,0.2,1.0,A2,sis,39.27849178048075,0.19003093359056394,-39.240485593762635,0.0,-39.240485593762635,-39.240485593762635,0.496551724137931,2.026089655172414,0.2,0.23333333333333334,0.04480740740740741,0.359375,0.0578125,6
original,30,30,lorentzian_like_2d,0,170000,1.0,0,0.8,1.0,A2,sis,39.27849178048075,0.19003093359056394,-39.1264670336083,0.0,-39.1264670336083,-39.1264670336083,0.496551724137931,2.026089655172414,0.2,0.23333333333333334,0.04480740740740741,0.359375,0.0578125,5
original,30,30,lorentzian_like_2d,1,170000,1.0,0,0.2,1.0,A2,sis,36.12492743131497,1.4300900113122463,-35.83890942905252,0.0,-35.83890942905252,-35.83890942905252,0.5517241379310345,1.6950551724137932,0.26666666666666666,0.16666666666666666,0.053518518518518514,0.234375,0.12291666666666666,6
original,30,30,lorentzian_like_2d,1,170000,1.0,0,0.8,1.0,A2,sis,36.12492743131497,1.4300900113122463,-34.98085542226517,0.0,-34.98085542226517,-34.98085542226517,0.5517241379310345,1.6950551724137932,0.26666666666666666,0.16666666666666666,0.053518518518518514,0.234375,0.12291666666666666,5
original,30,30,lorentzian_like_2d,2,170000,1.0,0,0.2,1.0,A2,sis,35.126555483810975,0.3205320522174887,-35.062449073367475,0.0,-35.062449073367475,-35.062449073367475,0.496551724137931,2.026089655172414,0.26666666666666666,0.2,0.04291851851851853,0.25,0.10833333333333334,6
original,30,30,lorentzian_like_2d,2,170000,1.0,0,0.8,1.0,A2,sis,35.126555483810975,0.3205320522174887,-34.87012984203698,0.0,-34.87012984203698,-34.87012984203698,0.496551724137931,2.026089655172414,0.26666666666666666,0.2,0.04291851851851853,0.25,0.10833333333333334,5
original,30,30,lorentzian_like_2d,3,170000,1.0,0,0.2,1.0,A2,sis,39.042784624775166,1.190782081509472,-38.80462820847327,0.0,-38.80462820847327,-38.80462820847327,0.5563218390804597,1.6674689655172417,0.23333333333333334,0.2,0.053328395061728394,0.265625,0.103125,6
original,30,30,lorentzian_like_2d,3,170000,1.0,0,0.8,1.0,A2,sis,39.042784624775166,1.190782081509472,-38.09015895956759,0.0,-38.09015895956759,-38.09015895956759,0.5563218390804597,1.6674689655172417,0.23333333333333334,0.2,0.053328395061728394,0.265625,0.103125,5
original,30,30,lorentzian_like_2d,4,170000,1.0,0,0.2,1.0,A2,sis,35.13961632089858,1.996163801815401,-34.740383560535506,0.0,-34.740383560535506,-34.740383560535506,0.5609195402298851,1.6398827586206894,0.3,0.16666666666666666,0.05490617283950617,0.28125,0.09947916666666666,6
original,30,30,lorentzian_like_2d,4,170000,1.0,0,0.8,1.0,A2,sis,35.13961632089858,1.996163801815401,-33.54268527944626,0.0,-33.54268527944626,-33.54268527944626,0.5609195402298851,1.6398827586206894,0.3,0.16666666666666666,0.05490617283950617,0.28125,0.09947916666666666,5
original,30,30,lorentzian_like_2d,5,170000,1.0,0,0.2,1.0,A2,sis,40.02590586977168,0.18226751812542608,-39.989452366146594,0.0,-39.989452366146594,-39.989452366146594,0.4896551724137931,2.0674689655172416,0.23333333333333334,0.23333333333333334,0.0471,0.234375,0.07604166666666666,6
original,30,30,lorentzian_like_2d,5,170000,1.0,0,0.8,1.0,A2,sis,40.02590586977168,0.18226751812542608,-39.88009185527134,0.0,-39.88009185527134,-39.88009185527134,0.4896551724137931,2.0674689655172416,0.23333333333333334,0.23333333333333334,0.0471,0.234375,0.07604166666666666,5
original,30,30,lorentzian_like_2d,6,170000,1.0,0,0.2,1.0,A2,sis,40.2194859416467,1.9244514141544422,-39.834595658815815,0.0,-39.834595658815815,-39.834595658815815,0.4206896551724138,2.4812620689655174,0.23333333333333334,0.23333333333333334,0.03395185185185185,0.4375,0.06302083333333333,6
original,30,30,lorentzian_like_2d,6,170000,1.0,0,0.8,1.0,A2,sis,40.2194859416467,1.9244514141544422,-38.67992481032315,0.0,-38.67992481032315,-38.67992481032315,0.4206896551724138,2.4812620689655174,0.23333333333333334,0.23333333333333334,0.03395185185185185,0.4375,0.06302083333333333,5
original,30,30,lorentzian_like_2d,7,170000,1.0,0,0.2,1.0,A2,sis,38.89510031381142,0.19735538643485828,-38.85562923652445,0.0,-38.85562923652445,-38.85562923652445,0.503448275862069,1.9847103448275862,0.23333333333333334,0.23333333333333334,0.049048148148148146,0.28125,0.10625,6
original,30,30,lorentzian_like_2d,7,170000,1.0,0,0.8,1.0,A2,sis,38.89510031381142,0.19735538643485828,-38.73721600466353,0.0,-38.73721600466353,-38.73721600466353,0.503448275862069,1.9847103448275862,0.23333333333333334,0.23333333333333334,0.049048148148148146,0.28125,0.10625,5
original,30,30,multi_layer_random,0,170000,1.0,0,0.2,1.0,A2,sis,50.23476050181165,13.231256596598405,-47.58850918249197,0.0,-47.58850918249197,-47.58850918249197,0.30114942528735633,3.1985034482758623,0.13333333333333333,0.3333333333333333,0.02618395061728395,0.4375,0.03333333333333333,3
original,30,30,multi_layer_random,0,170000,1.0,0,0.8,1.0,A2,sis,50.23476050181165,13.231256596598405,-39.649755224532925,0.0,-39.649755224532925,-39.649755224532925,0.30114942528735633,3.1985034482758623,0.13333333333333333,0.3333333333333333,0.02618395061728395,0.4375,0.03333333333333333,4
original,30,30,multi_layer_random,1,170000,1.0,0,0.2,1.0,A2,sis,49.7179965366236,13.952594768374553,-46.92747758294869,0.0,-46.92747758294869,-46.92747758294869,0.29195402298850576,3.2536758620689654,0.13333333333333333,0.3,0.021976543209876548,0.5,0.03229166666666667,3
original,30,30,multi_layer_random,1,170000,1.0,0,0.8,1.0,A2,sis,49.7179965366236,13.952594768374553,-38.55592072192396,0.0,-38.55592072192396,-38.55592072192396,0.29195402298850576,3.2536758620689654,0.13333333333333333,0.3,0.021976543209876548,0.5,0.03229166666666667,4
original,30,30,multi_layer_random,2,170000,1.0,0,0.2,1.0,A2,sis,51.4540270896561,17.562452958716555,-47.94153649791279,0.0,-47.94153649791279,-47.94153649791279,0.27586206896551724,3.3502275862068966,0.13333333333333333,0.43333333333333335,0.02585185185185185,0.46875,0.04010416666666667,3
original,30,30,multi_layer_random,2,170000,1.0,0,0.8,1.0,A2,sis,51.4540270896561,17.562452958716555,-37.404064722682854,0.0,-37.404064722682854,-37.404064722682854,0.27586206896551724,3.3502275862068966,0.13333333333333333,0.43333333333333335,0.02585185185185185,0.46875,0.04010416666666667,4
original,30,30,multi_layer_random,3,170000,1.0,0,0.2,1.0,A2,sis,48.085998510704194,10.308533758417992,-46.02429175902059,0.0,-46.02429175902059,-46.02429175902059,0.32873563218390806,3.0329862068965516,0.13333333333333333,0.3333333333333333,0.028383950617283948,0.5,0.034375,3
original,30,30,multi_layer_random,3,170000,1.0,0,0.8,1.0,A2,sis,48.085998510704194,10.308533758417992,-39.8391715039698,0.0,-39.8391715039698,-39.8391715039698,0.32873563218390806,3.0329862068965516,0.13333333333333333,0.3333333333333333,0.028383950617283948,0.5,0.034375,4
original,30,30,multi_layer_random,4,170000,1.0,0,0.2,1.0,A2,sis,50.87957851601403,17.19041753217709,-47.44149500957861,0.0,-47.44149500957861,-47.44149500957861,0.26436781609195403,3.4191931034482757,0.16666666666666666,0.3333333333333333,0.0232283950617284,0.515625,0.034375,3
original,30,30,multi_layer_random,4,170000,1.0,0,0.8,1.0,A2,sis,50.87957851601403,17.19041753217709,-37.12724449027235,0.0,-37.12724449027235,-37.12724449027235,0.26436781609195403,3.4191931034482757,0.16666666666666666,0.3333333333333333,0.0232283950617284,0.515625,0.034375,4
original,30,30,multi_layer_random,5,170000,1.0,0,0.2,1.0,A2,sis,43.46113905713323,2.8742770137218865,-42.886283654388855,0.0,-42.886283654388855,-42.886283654388855,0.4367816091954023,2.384710344827586,0.16666666666666666,0.4,0.041358024691358033,0.296875,0.065625,3
original,30,30,multi_layer_random,5,170000,1.0,0,0.8,1.0,A2,sis,43.46113905713323,2.8742770137218865,-41.16171744615572,0.0,-41.16171744615572,-41.16171744615572,0.4367816091954023,2.384710344827586,0.16666666666666666,0.4,0.041358024691358033,0.296875,0.065625,4
original,30,30,multi_layer_random,6,170000,1.0,0,0.2,1.0,A2,sis,47.43687245984056,5.463132985482438,-46.34424586274407,0.0,-46.34424586274407,-46.34424586274407,0.3816091954022989,2.7157448275862066,0.16666666666666666,0.36666666666666664,0.038906172839506176,0.375,0.06197916666666667,3
original,30,30,multi_layer_random,6,170000,1.0,0,0.8,1.0,A2,sis,47.43687245984056,5.463132985482438,-43.06636607145461,0.0,-43.06636607145461,-43.06636607145461,0.3816091954022989,2.7157448275862066,0.16666666666666666,0.36666666666666664,0.038906172839506176,0.375,0.06197916666666667,4
original,30,30,multi_layer_random,7,170000,1.0,0,0.2,1.0,A2,sis,54.0229056265726,22.46597887373702,-49.529709851825196,0.0,-49.529709851825196,-49.529709851825196,0.2367816091954023,3.5847103448275863,0.13333333333333333,0.36666666666666664,0.021680246913580246,0.625,0.028125,3
original,30,30,multi_layer_random,7,170000,1.0,0,0.8,1.0,A2,sis,54.0229056265726,22.46597887373702,-36.050122527582985,0.0,-36.050122527582985,-36.050122527582985,0.2367816091954023,3.5847103448275863,0.13333333333333333,0.36666666666666664,0.021680246913580246,0.625,0.028125,4
original,30,30,KR_like,0,170000,1.0,0,0.2,1.0,A2,sis,49.066714243886274,11.5546703174644,-46.755780180393394,0.0,-46.755780180393394,-46.755780180393394,0.3793103448275862,2.729537931034483,0.1,0.5,0.0359074074074074,0.640625,0.04375,2
original,30,30,KR_like,0,170000,1.0,0,0.8,1.0,A2,sis,49.066714243886274,11.5546703174644,-39.822977989914754,0.0,-39.822977989914754,-39.822977989914754,0.3793103448275862,2.729537931034483,0.1,0.5,0.0359074074074074,0.640625,0.04375,3
original,30,30,KR_like,1,170000,1.0,0,0.2,1.0,A2,sis,50.29561193328472,13.943192197417154,-47.50697349380129,0.0,-47.50697349380129,-47.50697349380129,0.34942528735632183,2.908848275862069,0.1,0.5,0.032587654320987654,0.640625,0.033854166666666664,2
original,30,30,KR_like,1,170000,1.0,0,0.8,1.0,A2,sis,50.29561193328472,13.943192197417154,-39.14105817535099,0.0,-39.14105817535099,-39.14105817535099,0.34942528735632183,2.908848275862069,0.1,0.5,0.032587654320987654,0.640625,0.033854166666666664,3
original,30,30,KR_like,2,170000,1.0,0,0.2,1.0,A2,sis,50.12198624783732,14.14189907829594,-47.29360643217813,0.0,-47.29360643217813,-47.29360643217813,0.3448275862068966,2.936434482758621,0.1,0.5,0.03151851851851852,0.59375,0.040625,2
original,30,30,KR_like,2,170000,1.0,0,0.8,1.0,A2,sis,50.12198624783732,14.14189907829594,-38.80846698520057,0.0,-38.80846698520057,-38.80846698520057,0.3448275862068966,2.936434482758621,0.1,0.5,0.03151851851851852,0.59375,0.040625,3
original,30,30,KR_like,3,170000,1.0,0,0.2,1.0,A2,sis,48.4910489375148,12.48771240847352,-45.993506455820096,0.0,-45.993506455820096,-45.993506455820096,0.367816091954023,2.798503448275862,0.1,0.5,0.03487654320987655,0.640625,0.04479166666666667,2
original,30,30,KR_like,3,170000,1.0,0,0.8,1.0,A2,sis,48.4910489375148,12.48771240847352,-38.50087901073598,0.0,-38.50087901073598,-38.50087901073598,0.367816091954023,2.798503448275862,0.1,0.5,0.03487654320987655,0.640625,0.04479166666666667,3
original,30,30,KR_like,4,170000,1.0,0,0.2,1.0,A2,sis,48.87995549445084,13.10132190719713,-46.259691113011414,0.0,-46.259691113011414,-46.259691113011414,0.3586206896551724,2.8536758620689655,0.1,0.5,0.033103703703703705,0.640625,0.04114583333333333,2
original,30,30,KR_like,4,170000,1.0,0,0.8,1.0,A2,sis,48.87995549445084,13.10132190719713,-38.398897968693134,0.0,-38.398897968693134,-38.398897968693134,0.3586206896551724,2.8536758620689655,0.1,0.5,0.033103703703703705,0.640625,0.04114583333333333,3
original,30,30,KR_like,5,170000,1.0,0,0.2,1.0,A2,sis,49.78969527364861,11.31769430550723,-47.52615641254717,0.0,-47.52615641254717,-47.52615641254717,0.3816091954022989,2.7157448275862066,0.1,0.5,0.03609135802469136,0.625,0.04479166666666667,2
original,30,30,KR_like,5,170000,1.0,0,0.8,1.0,A2,sis,49.78969527364861,11.31769430550723,-40.735539829242825,0.0,-40.735539829242825,-40.735539829242825,0.3816091954022989,2.7157448275862066,0.1,0.5,0.03609135802469136,0.625,0.04479166666666667,3
original,30,30,KR_like,6,170000,1.0,0,0.2,1.0,A2,sis,48.84588986352709,9.444952775363527,-46.95689930845439,0.0,-46.95689930845439,-46.95689930845439,0.41839080459770117,2.4950551724137933,0.1,0.5,0.041550617283950625,0.65625,0.05520833333333333,2
original,30,30,KR_like,6,170000,1.0,0,0.8,1.0,A2,sis,48.84588986352709,9.444952775363527,-41.28992764323627,0.0,-41.28992764323627,-41.28992764323627,0.41839080459770117,2.4950551724137933,0.1,0.5,0.041550617283950625,0.65625,0.05520833333333333,3
original,30,30,KR_like,7,170000,1.0,0,0.2,1.0,A2,sis,49.97228138650143,13.423602588471077,-47.28756086880721,0.0,-47.28756086880721,-47.28756086880721,0.3586206896551724,2.8536758620689655,0.1,0.5,0.033214814814814815,0.6875,0.0390625,2
original,30,30,KR_like,7,170000,1.0,0,0.8,1.0,A2,sis,49.97228138650143,13.423602588471077,-39.23339931572457,0.0,-39.23339931572457,-39.23339931572457,0.3586206896551724,2.8536758620689655,0.1,0.5,0.033214814814814815,0.6875,0.0390625,3
original,30,30,interval_order,0,170000,1.0,0,0.2,1.0,A2,sis,43.187593904181355,1.5163441849572277,-42.88432506718991,0.0,-42.88432506718991,-42.88432506718991,0.5448275862068965,1.736434482758621,0.2,0.3333333333333333,0.0603962962962963,0.375,0.08489583333333334,5
original,30,30,interval_order,0,170000,1.0,0,0.8,1.0,A2,sis,43.187593904181355,1.5163441849572277,-41.97451855621557,0.0,-41.97451855621557,-41.97451855621557,0.5448275862068965,1.736434482758621,0.2,0.3333333333333333,0.0603962962962963,0.375,0.08489583333333334,2
original,30,30,interval_order,1,170000,1.0,0,0.2,1.0,A2,sis,43.05663839877694,1.3396568492365362,-42.788707028929636,0.0,-42.788707028929636,-42.788707028929636,0.542528735632184,1.7502275862068963,0.2,0.3,0.06294320987654321,0.375,0.08541666666666667,5
original,30,30,interval_order,1,170000,1.0,0,0.8,1.0,A2,sis,43.05663839877694,1.3396568492365362,-41.98491291938771,0.0,-41.98491291938771,-41.98491291938771,0.542528735632184,1.7502275862068963,0.2,0.3,0.06294320987654321,0.375,0.08541666666666667,2
original,30,30,interval_order,2,170000,1.0,0,0.2,1.0,A2,sis,46.466285772504776,2.2269589324780004,-46.02089398600918,0.0,-46.02089398600918,-46.02089398600918,0.4896551724137931,2.0674689655172416,0.2,0.4,0.0575074074074074,0.515625,0.09010416666666667,5
original,30,30,interval_order,2,170000,1.0,0,0.8,1.0,A2,sis,46.466285772504776,2.2269589324780004,-44.684718626522375,0.0,-44.684718626522375,-44.684718626522375,0.4896551724137931,2.0674689655172416,0.2,0.4,0.0575074074074074,0.515625,0.09010416666666667,2
original,30,30,interval_order,3,170000,1.0,0,0.2,1.0,A2,sis,41.34111436067708,0.7441484660671361,-41.19228466746365,0.0,-41.19228466746365,-41.19228466746365,0.535632183908046,1.791606896551724,0.23333333333333334,0.26666666666666666,0.06097654320987654,0.296875,0.09635416666666667,5
original,30,30,interval_order,3,170000,1.0,0,0.8,1.0,A2,sis,41.34111436067708,0.7441484660671361,-40.74579558782337,0.0,-40.74579558782337,-40.74579558782337,0.535632183908046,1.791606896551724,0.23333333333333334,0.26666666666666666,0.06097654320987654,0.296875,0.09635416666666667,2
original,30,30,interval_order,4,170000,1.0,0,0.2,1.0,A2,sis,38.177022829286514,1.7314397483782231,-37.83073487961087,0.0,-37.83073487961087,-37.83073487961087,0.5701149425287356,1.5847103448275863,0.26666666666666666,0.23333333333333334,0.061217283950617284,0.21875,0.1046875,5
original,30,30,interval_order,4,170000,1.0,0,0.8,1.0,A2,sis,38.177022829286514,1.7314397483782231,-36.791871030583934,0.0,-36.791871030583934,-36.791871030583934,0.5701149425287356,1.5847103448275863,0.26666666666666666,0.23333333333333334,0.061217283950617284,0.21875,0.1046875,2
original,30,30,interval_order,5,170000,1.0,0,0.2,1.0,A2,sis,44.19882758017005,3.4646718548511686,-43.50589320919981,0.0,-43.50589320919981,-43.50589320919981,0.5793103448275863,1.5295379310344825,0.2,0.4,0.06511851851851852,0.359375,0.08385416666666666,5
original,30,30,interval_order,5,170000,1.0,0,0.8,1.0,A2,sis,44.19882758017005,3.4646718548511686,-41.42709009628911,0.0,-41.42709009628911,-41.42709009628911,0.5793103448275863,1.5295379310344825,0.2,0.4,0.06511851851851852,0.359375,0.08385416666666666,2
original,30,30,interval_order,6,170000,1.0,0,0.2,1.0,A2,sis,37.30738489883629,1.6397643337565564,-36.97943203208498,0.0,-36.97943203208498,-36.97943203208498,0.5494252873563218,1.7088482758620693,0.3,0.16666666666666666,0.059739506172839504,0.28125,0.1203125,5
original,30,30,interval_order,6,170000,1.0,0,0.8,1.0,A2,sis,37.30738489883629,1.6397643337565564,-35.99557343183105,0.0,-35.99557343183105,-35.99557343183105,0.5494252873563218,1.7088482758620693,0.3,0.16666666666666666,0.059739506172839504,0.28125,0.1203125,2
original,30,30,interval_order,7,170000,1.0,0,0.2,1.0,A2,sis,35.4370606282632,2.9982183993163707,-34.83741694839992,0.0,-34.83741694839992,-34.83741694839992,0.5839080459770115,1.501951724137931,0.3,0.16666666666666666,0.0642395061728395,0.203125,0.11354166666666667,5
original,30,30,interval_order,7,170000,1.0,0,0.8,1.0,A2,sis,35.4370606282632,2.9982183993163707,-33.0384859088101,0.0,-33.0384859088101,-33.0384859088101,0.5839080459770115,1.501951724137931,0.3,0.16666666666666666,0.0642395061728395,0.203125,0.11354166666666667,2
original,30,30,random_layered_k6_uniform,0,170000,1.0,0,0.2,1.0,A2,sis,38.241869765089085,0.21217661905843987,-38.1994344412774,0.0,-38.1994344412774,-38.1994344412774,0.4827586206896552,2.108848275862069,0.2,0.2,0.04766666666666667,0.28125,0.078125,4
original,30,30,random_layered_k6_uniform,0,170000,1.0,0,0.8,1.0,A2,sis,38.241869765089085,0.21217661905843987,-38.07212846984233,0.0,-38.07212846984233,-38.07212846984233,0.4827586206896552,2.108848275862069,0.2,0.2,0.04766666666666667,0.28125,0.078125,1
original,30,30,random_layered_k6_uniform,1,170000,1.0,0,0.2,1.0,A2,sis,41.80251002569635,1.9061117966113934,-41.42128766637407,0.0,-41.42128766637407,-41.42128766637407,0.42528735632183906,2.4536758620689656,0.2,0.26666666666666666,0.040672839506172835,0.21875,0.07760416666666667,4
original,30,30,random_layered_k6_uniform,1,170000,1.0,0,0.8,1.0,A2,sis,41.80251002569635,1.9061117966113934,-40.27762058840724,0.0,-40.27762058840724,-40.27762058840724,0.42528735632183906,2.4536758620689656,0.2,0.26666666666666666,0.040672839506172835,0.21875,0.07760416666666667,1
original,30,30,random_layered_k6_uniform,2,170000,1.0,0,0.2,1.0,A2,sis,42.14408593984278,1.7667628593216502,-41.790733367978454,0.0,-41.790733367978454,-41.790733367978454,0.42528735632183906,2.4536758620689656,0.2,0.23333333333333334,0.04345061728395062,0.28125,0.0703125,4
original,30,30,random_layered_k6_uniform,2,170000,1.0,0,0.8,1.0,A2,sis,42.14408593984278,1.7667628593216502,-40.730675652385465,0.0,-40.730675652385465,-40.730675652385465,0.42528735632183906,2.4536758620689656,0.2,0.23333333333333334,0.04345061728395062,0.28125,0.0703125,1
original,30,30,random_layered_k6_uniform,3,170000,1.0,0,0.2,1.0,A2,sis,42.637661042074406,3.53355127424134,-41.93095078722614,0.0,-41.93095078722614,-41.93095078722614,0.39080459770114945,2.6605724137931035,0.2,0.2,0.03669135802469136,0.3125,0.06354166666666666,4
original,30,30,random_layered_k6_uniform,3,170000,1.0,0,0.8,1.0,A2,sis,42.637661042074406,3.53355127424134,-39.810820022681334,0.0,-39.810820022681334,-39.810820022681334,0.39080459770114945,2.6605724137931035,0.2,0.2,0.03669135802469136,0.3125,0.06354166666666666,1
original,30,30,random_layered_k6_uniform,4,170000,1.0,0,0.2,1.0,A2,sis,39.486693958042665,0.2752570387964073,-39.431642550283385,0.0,-39.431642550283385,-39.431642550283385,0.4827586206896552,2.108848275862069,0.2,0.23333333333333334,0.04507407407407407,0.28125,0.07083333333333333,4
original,30,30,random_layered_k6_uniform,4,170000,1.0,0,0.8,1.0,A2,sis,39.486693958042665,0.2752570387964073,-39.26648832700554,0.0,-39.26648832700554,-39.26648832700554,0.4827586206896552,2.108848275862069,0.2,0.23333333333333334,0.04507407407407407,0.28125,0.07083333333333333,1
original,30,30,random_layered_k6_uniform,5,170000,1.0,0,0.2,1.0,A2,sis,41.66324413960554,2.5275323582220137,-41.157737667961136,0.0,-41.157737667961136,-41.157737667961136,0.4091954022988506,2.5502275862068964,0.2,0.23333333333333334,0.03995802469135803,0.328125,0.075,4
original,30,30,random_layered_k6_uniform,5,170000,1.0,0,0.8,1.0,A2,sis,41.66324413960554,2.5275323582220137,-39.64121825302793,0.0,-39.64121825302793,-39.64121825302793,0.4091954022988506,2.5502275862068964,0.2,0.23333333333333334,0.03995802469135803,0.328125,0.075,1
original,30,30,random_layered_k6_uniform,6,170000,1.0,0,0.2,1.0,A2,sis,48.062630373096965,7.457980439761085,-46.57103428514475,0.0,-46.57103428514475,-46.57103428514475,0.3425287356321839,2.9502275862068967,0.2,0.26666666666666666,0.03129506172839506,0.34375,0.0578125,4
original,30,30,random_layered_k6_uniform,6,170000,1.0,0,0.8,1.0,A2,sis,48.062630373096965,7.457980439761085,-42.096246021288096,0.0,-42.096246021288096,-42.096246021288096,0.3425287356321839,2.9502275862068967,0.2,0.26666666666666666,0.03129506172839506,0.34375,0.0578125,1
original,30,30,random_layered_k6_uniform,7,170000,1.0,0,0.2,1.0,A2,sis,40.19481765318154,1.202541239514464,-39.95430940527864,0.0,-39.95430940527864,-39.95430940527864,0.4436781609195402,2.343331034482759,0.2,0.26666666666666666,0.043754320987654326,0.25,0.08020833333333334,4
original,30,30,random_layered_k6_uniform,7,170000,1.0,0,0.8,1.0,A2,sis,40.19481765318154,1.202541239514464,-39.232784661569966,0.0,-39.232784661569966,-39.232784661569966,0.4436781609195402,2.343331034482759,0.2,0.26666666666666666,0.043754320987654326,0.25,0.08020833333333334,1
original,30,30,transitive_percolation,0,170000,1.0,0,0.2,1.0,A2,sis,57.08726555270749,43.65855679516746,-48.355554193673996,0.0,-48.355554193673996,-48.355554193673996,0.12183908045977011,4.27436551724138,0.16666666666666666,0.4666666666666667,0.007420987654320988,0.5660377358490566,0.02452830188679245,1
original,30,30,transitive_percolation,0,170000,1.0,0,0.8,1.0,A2,sis,57.08726555270749,43.65855679516746,-22.16042011657352,0.0,-22.16042011657352,-22.16042011657352,0.12183908045977011,4.27436551724138,0.16666666666666666,0.4666666666666667,0.007420987654320988,0.5660377358490566,0.02452830188679245,6
original,30,30,transitive_percolation,1,170000,1.0,0,0.2,1.0,A2,sis,57.99857167596575,50.222188662083155,-47.95413394354912,0.0,-47.95413394354912,-47.95413394354912,0.09425287356321839,4.43988275862069,0.16666666666666666,0.4666666666666667,0.003739506172839505,0.6585365853658537,0.01788617886178862,1
original,30,30,transitive_percolation,1,170000,1.0,0,0.8,1.0,A2,sis,57.99857167596575,50.222188662083155,-17.82082074629922,0.0,-17.82082074629922,-17.82082074629922,0.09425287356321839,4.43988275862069,0.16666666666666666,0.4666666666666667,0.003739506172839505,0.6585365853658537,0.01788617886178862,6
original,30,30,transitive_percolation,2,170000,1.0,0,0.2,1.0,A2,sis,58.099586892292635,44.16651620839152,-49.26628365061433,0.0,-49.26628365061433,-49.26628365061433,0.11954022988505747,4.288158620689655,0.16666666666666666,0.4666666666666667,0.006587654320987653,0.5384615384615384,0.02435897435897436,1
original,30,30,transitive_percolation,2,170000,1.0,0,0.8,1.0,A2,sis,58.099586892292635,44.16651620839152,-22.766373925579416,0.0,-22.766373925579416,-22.766373925579416,0.11954022988505747,4.288158620689655,0.16666666666666666,0.4666666666666667,0.006587654320987653,0.5384615384615384,0.02435897435897436,6
original,30,30,transitive_percolation,3,170000,1.0,0,0.2,1.0,A2,sis,55.74260379716359,34.940500390994714,-48.75450371896464,0.0,-48.75450371896464,-48.75450371896464,0.16091954022988506,4.039882758620689,0.16666666666666666,0.4,0.010024691358024694,0.46875,0.0265625,1
original,30,30,transitive_percolation,3,170000,1.0,0,0.8,1.0,A2,sis,55.74260379716359,34.940500390994714,-27.790203484367815,0.0,-27.790203484367815,-27.790203484367815,0.16091954022988506,4.039882758620689,0.16666666666666666,0.4,0.010024691358024694,0.46875,0.0265625,6
original,30,30,transitive_percolation,4,170000,1.0,0,0.2,1.0,A2,sis,46.76779792672492,17.129314110465543,-43.34193510463181,0.0,-43.34193510463181,-43.34193510463181,0.2574712643678161,3.4605724137931038,0.26666666666666666,0.26666666666666666,0.023328395061728395,0.34375,0.05572916666666667,1
original,30,30,transitive_percolation,4,170000,1.0,0,0.8,1.0,A2,sis,46.76779792672492,17.129314110465543,-33.06434663835248,0.0,-33.06434663835248,-33.06434663835248,0.2574712643678161,3.4605724137931038,0.26666666666666666,0.26666666666666666,0.023328395061728395,0.34375,0.05572916666666667,6
original,30,30,transitive_percolation,5,170000,1.0,0,0.2,1.0,A2,sis,50.789821660031755,28.103168985536062,-45.169187862924545,0.0,-45.169187862924545,-45.169187862924545,0.19770114942528735,3.819193103448276,0.16666666666666666,0.4,0.014795061728395058,0.34375,0.0359375,1
original,30,30,transitive_percolation,5,170000,1.0,0,0.8,1.0,A2,sis,50.789821660031755,28.103168985536062,-28.307286471602904,0.0,-28.307286471602904,-28.307286471602904,0.19770114942528735,3.819193103448276,0.16666666666666666,0.4,0.014795061728395058,0.34375,0.0359375,6
original,30,30,transitive_percolation,6,170000,1.0,0,0.2,1.0,A2,sis,52.57566287300004,28.597419244574333,-46.85617902408517,0.0,-46.85617902408517,-46.85617902408517,0.19310344827586207,3.846779310344828,0.16666666666666666,0.36666666666666664,0.011140740740740741,0.40625,0.03125,1
original,30,30,transitive_percolation,6,170000,1.0,0,0.8,1.0,A2,sis,52.57566287300004,28.597419244574333,-29.697727477340575,0.0,-29.697727477340575,-29.697727477340575,0.19310344827586207,3.846779310344828,0.16666666666666666,0.36666666666666664,0.011140740740740741,0.40625,0.03125,6
original,30,30,transitive_percolation,7,170000,1.0,0,0.2,1.0,A2,sis,54.9751176878652,35.754245116911434,-47.824268664482915,0.0,-47.824268664482915,-47.824268664482915,0.15402298850574714,4.0812620689655175,0.2,0.4,0.01049506172839506,0.40625,0.04114583333333333,1
original,30,30,transitive_percolation,7,170000,1.0,0,0.8,1.0,A2,sis,54.9751176878652,35.754245116911434,-26.37172159433605,0.0,-26.37172159433605,-26.37172159433605,0.15402298850574714,4.0812620689655175,0.2,0.4,0.01049506172839506,0.40625,0.04114583333333333,6
original,40,40,lorentzian_like_2d,0,170000,1.0,0,0.2,1.0,A2,sis,56.50671145825201,0.22671708212595348,-56.46136804182682,0.0,-56.46136804182682,-56.46136804182682,0.48717948717948717,2.082323076923077,0.175,0.2,0.04359375,0.296875,0.063671875,6
original,40,40,lorentzian_like_2d,0,170000,1.0,0,0.8,1.0,A2,sis,56.50671145825201,0.22671708212595348,-56.32533779255125,0.0,-56.32533779255125,-56.32533779255125,0.48717948717948717,2.082323076923077,0.175,0.2,0.04359375,0.296875,0.063671875,5
original,40,40,lorentzian_like_2d,1,170000,1.0,0,0.2,1.0,A2,sis,50.25858832646283,4.077163766765164,-49.44315557310979,0.0,-49.44315557310979,-49.44315557310979,0.6076923076923076,1.3592461538461542,0.275,0.175,0.0600796875,0.125,0.11953125,6
original,40,40,lorentzian_like_2d,1,170000,1.0,0,0.8,1.0,A2,sis,50.25858832646283,4.077163766765164,-46.9968573130507,0.0,-46.9968573130507,-46.9968573130507,0.6076923076923076,1.3592461538461542,0.275,0.175,0.0600796875,0.125,0.11953125,5
original,40,40,lorentzian_like_2d,2,170000,1.0,0,0.2,1.0,A2,sis,56.04759307898633,0.19818143440544123,-56.00795679210524,0.0,-56.00795679210524,-56.00795679210524,0.5038461538461538,1.982323076923077,0.2,0.175,0.045855859374999995,0.1875,0.081640625,6
original,40,40,lorentzian_like_2d,2,170000,1.0,0,0.8,1.0,A2,sis,56.04759307898633,0.19818143440544123,-55.88904793146198,0.0,-55.88904793146198,-55.88904793146198,0.5038461538461538,1.982323076923077,0.2,0.175,0.045855859374999995,0.1875,0.081640625,5
original,40,40,lorentzian_like_2d,3,170000,1.0,0,0.2,1.0,A2,sis,54.1321482640366,0.755261495179857,-53.98109596500063,0.0,-53.98109596500063,-53.98109596500063,0.5423076923076923,1.7515538461538465,0.2,0.175,0.051012109375,0.265625,0.081640625,6
original,40,40,lorentzian_like_2d,3,170000,1.0,0,0.8,1.0,A2,sis,54.1321482640366,0.755261495179857,-53.52793906789272,0.0,-53.52793906789272,-53.52793906789272,0.5423076923076923,1.7515538461538465,0.2,0.175,0.051012109375,0.265625,0.081640625,5
original,40,40,lorentzian_like_2d,4,170000,1.0,0,0.2,1.0,A2,sis,58.21866733103378,0.3753015928888078,-58.143607012456016,0.0,-58.143607012456016,-58.143607012456016,0.4705128205128205,2.182323076923077,0.2,0.2,0.04148085937499999,0.15625,0.090234375,6
original,40,40,lorentzian_like_2d,4,170000,1.0,0,0.8,1.0,A2,sis,58.21866733103378,0.3753015928888078,-57.91842605672273,0.0,-57.91842605672273,-57.91842605672273,0.4705128205128205,2.182323076923077,0.2,0.2,0.04148085937499999,0.15625,0.090234375,5
original,40,40,lorentzian_like_2d,5,170000,1.0,0,0.2,1.0,A2,sis,60.66125337987271,0.5936571146469639,-60.54252195694332,0.0,-60.54252195694332,-60.54252195694332,0.4653846153846154,2.2130923076923077,0.175,0.225,0.042668359375,0.265625,0.049609375,6
original,40,40,lorentzian_like_2d,5,170000,1.0,0,0.8,1.0,A2,sis,60.66125337987271,0.5936571146469639,-60.18632768815514,0.0,-60.18632768815514,-60.18632768815514,0.4653846153846154,2.2130923076923077,0.175,0.225,0.042668359375,0.265625,0.049609375,5
original,40,40,lorentzian_like_2d,6,170000,1.0,0,0.2,1.0,A2,sis,56.652467458817654,0.3414151330838999,-56.58418443220087,0.0,-56.58418443220087,-56.58418443220087,0.5217948717948718,1.874630769230769,0.2,0.175,0.049090234375,0.234375,0.08046875,6
original,40,40,lorentzian_like_2d,6,170000,1.0,0,0.8,1.0,A2,sis,56.652467458817654,0.3414151330838999,-56.37933535235054,0.0,-56.37933535235054,-56.37933535235054,0.5217948717948718,1.874630769230769,0.2,0.175,0.049090234375,0.234375,0.08046875,5
original,40,40,lorentzian_like_2d,7,170000,1.0,0,0.2,1.0,A2,sis,58.356744752298326,0.2729655999220364,-58.302151632313915,0.0,-58.302151632313915,-58.302151632313915,0.4807692307692308,2.1207846153846153,0.2,0.175,0.043287109375,0.25,0.0875,6
original,40,40,lorentzian_like_2d,7,170000,1.0,0,0.8,1.0,A2,sis,58.356744752298326,0.2729655999220364,-58.1383722723607,0.0,-58.1383722723607,-58.1383722723607,0.4807692307692308,2.1207846153846153,0.2,0.175,0.043287109375,0.25,0.0875,5
original,40,40,multi_layer_random,0,170000,1.0,0,0.2,1.0,A2,sis,75.5496802758181,7.3588852678317105,-74.07790322225176,0.0,-74.07790322225176,-74.07790322225176,0.36025641025641025,2.8438615384615384,0.125,0.3,0.03603085937500001,0.359375,0.03203125,2
original,40,40,multi_layer_random,0,170000,1.0,0,0.8,1.0,A2,sis,75.5496802758181,7.3588852678317105,-69.66257206155274,0.0,-69.66257206155274,-69.66257206155274,0.36025641025641025,2.8438615384615384,0.125,0.3,0.03603085937500001,0.359375,0.03203125,2
original,40,40,multi_layer_random,1,170000,1.0,0,0.2,1.0,A2,sis,86.5237147447377,37.34722490549449,-79.0542697636388,0.0,-79.0542697636388,-79.0542697636388,0.1858974358974359,3.890015384615385,0.1,0.725,0.015162109375000002,0.65625,0.011328125,2
original,40,40,multi_layer_random,1,170000,1.0,0,0.8,1.0,A2,sis,86.5237147447377,37.34722490549449,-56.645934820342106,0.0,-56.645934820342106,-56.645934820342106,0.1858974358974359,3.890015384615385,0.1,0.725,0.015162109375000002,0.65625,0.011328125,2
original,40,40,multi_layer_random,2,170000,1.0,0,0.2,1.0,A2,sis,70.07910890019737,8.862860097816391,-68.30653688063408,0.0,-68.30653688063408,-68.30653688063408,0.34102564102564104,2.959246153846154,0.125,0.275,0.0333296875,0.34375,0.050390625,2
original,40,40,multi_layer_random,2,170000,1.0,0,0.8,1.0,A2,sis,70.07910890019737,8.862860097816391,-62.98882082194426,0.0,-62.98882082194426,-62.98882082194426,0.34102564102564104,2.959246153846154,0.125,0.275,0.0333296875,0.34375,0.050390625,2
original,40,40,multi_layer_random,3,170000,1.0,0,0.2,1.0,A2,sis,73.34551429446937,14.17431470046233,-70.5106513543769,0.0,-70.5106513543769,-70.5106513543769,0.3128205128205128,3.1284769230769234,0.1,0.375,0.028899999999999995,0.484375,0.030078125,2
original,40,40,multi_layer_random,3,170000,1.0,0,0.8,1.0,A2,sis,73.34551429446937,14.17431470046233,-62.0060625340995,0.0,-62.0060625340995,-62.0060625340995,0.3128205128205128,3.1284769230769234,0.1,0.375,0.028899999999999995,0.484375,0.030078125,2
original,40,40,multi_layer_random,4,170000,1.0,0,0.2,1.0,A2,sis,66.07058211129139,2.4274173337181004,-65.58509864454777,0.0,-65.58509864454777,-65.58509864454777,0.44871794871794873,2.313092307692308,0.125,0.3,0.0444296875,0.25,0.058203125,2
original,40,40,multi_layer_random,4,170000,1.0,0,0.8,1.0,A2,sis,66.07058211129139,2.4274173337181004,-64.1286482443169,0.0,-64.1286482443169,-64.1286482443169,0.44871794871794873,2.313092307692308,0.125,0.3,0.0444296875,0.25,0.058203125,2
original,40,40,multi_layer_random,5,170000,1.0,0,0.2,1.0,A2,sis,66.66534321746882,6.8925437686985065,-65.28683446372912,0.0,-65.28683446372912,-65.28683446372912,0.38333333333333336,2.7054,0.125,0.4,0.038390234375,0.40625,0.041015625,2
original,40,40,multi_layer_random,5,170000,1.0,0,0.8,1.0,A2,sis,66.66534321746882,6.8925437686985065,-61.15130820251001,0.0,-61.15130820251001,-61.15130820251001,0.38333333333333336,2.7054,0.125,0.4,0.038390234375,0.40625,0.041015625,2
original,40,40,multi_layer_random,6,170000,1.0,0,0.2,1.0,A2,sis,69.55503999447635,3.785681858574742,-68.7979036227614,0.0,-68.7979036227614,-68.7979036227614,0.43846153846153846,2.3746307692307695,0.125,0.375,0.0435296875,0.296875,0.061328125,2
original,40,40,multi_layer_random,6,170000,1.0,0,0.8,1.0,A2,sis,69.55503999447635,3.785681858574742,-66.52649450761655,0.0,-66.52649450761655,-66.52649450761655,0.43846153846153846,2.3746307692307695,0.125,0.375,0.0435296875,0.296875,0.061328125,2
original,40,40,multi_layer_random,7,170000,1.0,0,0.2,1.0,A2,sis,69.21777027915546,5.9981613637513815,-68.01813800640518,0.0,-68.01813800640518,-68.01813800640518,0.4076923076923077,2.559246153846154,0.1,0.35,0.040842187499999995,0.453125,0.03125,2
original,40,40,multi_layer_random,7,170000,1.0,0,0.8,1.0,A2,sis,69.21777027915546,5.9981613637513815,-64.41924118815436,0.0,-64.41924118815436,-64.41924118815436,0.4076923076923077,2.559246153846154,0.1,0.35,0.040842187499999995,0.453125,0.03125,2
original,40,40,KR_like,0,170000,1.0,0,0.2,1.0,A2,sis,75.89004132071157,12.75543878906991,-73.33895356289759,0.0,-73.33895356289759,-73.33895356289759,0.39615384615384613,2.6284769230769234,0.075,0.5,0.038437109375,0.65625,0.04921875,1
original,40,40,KR_like,0,170000,1.0,0,0.8,1.0,A2,sis,75.89004132071157,12.75543878906991,-65.68569028945565,0.0,-65.68569028945565,-65.68569028945565,0.39615384615384613,2.6284769230769234,0.075,0.5,0.038437109375,0.65625,0.04921875,1
original,40,40,KR_like,1,170000,1.0,0,0.2,1.0,A2,sis,73.66038562250857,13.112497147787298,-71.0378861929511,0.0,-71.0378861929511,-71.0378861929511,0.3858974358974359,2.6900153846153847,0.075,0.5,0.037093359375,0.578125,0.051171875,1
original,40,40,KR_like,1,170000,1.0,0,0.8,1.0,A2,sis,73.66038562250857,13.112497147787298,-63.17038790427873,0.0,-63.17038790427873,-63.17038790427873,0.3858974358974359,2.6900153846153847,0.075,0.5,0.037093359375,0.578125,0.051171875,1
original,40,40,KR_like,2,170000,1.0,0,0.2,1.0,A2,sis,73.99364263208278,13.242227969282562,-71.34519703822627,0.0,-71.34519703822627,-71.34519703822627,0.3858974358974359,2.6900153846153847,0.075,0.5,0.036515234375,0.640625,0.046875,1
original,40,40,KR_like,2,170000,1.0,0,0.8,1.0,A2,sis,73.99364263208278,13.242227969282562,-63.39986025665673,0.0,-63.39986025665673,-63.39986025665673,0.3858974358974359,2.6900153846153847,0.075,0.5,0.036515234375,0.640625,0.046875,1
original,40,40,KR_like,3,170000,1.0,0,0.2,1.0,A2,sis,76.18404325475508,13.724589238835406,-73.439125406988,0.0,-73.439125406988,-73.439125406988,0.3769230769230769,2.7438615384615384,0.075,0.5,0.0359078125,0.609375,0.04609375,1
original,40,40,KR_like,3,170000,1.0,0,0.8,1.0,A2,sis,76.18404325475508,13.724589238835406,-65.20437186368676,0.0,-65.20437186368676,-65.20437186368676,0.3769230769230769,2.7438615384615384,0.075,0.5,0.0359078125,0.609375,0.04609375,1
original,40,40,KR_like,4,170000,1.0,0,0.2,1.0,A2,sis,74.92784619444407,14.130605026329635,-72.10172518917814,0.0,-72.10172518917814,-72.10172518917814,0.3769230769230769,2.7438615384615384,0.075,0.5,0.0354234375,0.671875,0.041796875,1
original,40,40,KR_like,4,170000,1.0,0,0.8,1.0,A2,sis,74.92784619444407,14.130605026329635,-63.623362173380364,0.0,-63.623362173380364,-63.623362173380364,0.3769230769230769,2.7438615384615384,0.075,0.5,0.0354234375,0.671875,0.041796875,1
original,40,40,KR_like,5,170000,1.0,0,0.2,1.0,A2,sis,75.60615505224632,14.79479418555671,-72.64719621513498,0.0,-72.64719621513498,-72.64719621513498,0.36153846153846153,2.8361692307692308,0.075,0.5,0.0333734375,0.59375,0.041796875,1
original,40,40,KR_like,5,170000,1.0,0,0.8,1.0,A2,sis,75.60615505224632,14.79479418555671,-63.77031970380095,0.0,-63.77031970380095,-63.77031970380095,0.36153846153846153,2.8361692307692308,0.075,0.5,0.0333734375,0.59375,0.041796875,1
original,40,40,KR_like,6,170000,1.0,0,0.2,1.0,A2,sis,75.14247326584903,12.932228421344778,-72.55602758158008,0.0,-72.55602758158008,-72.55602758158008,0.3974358974358974,2.6207846153846157,0.075,0.5,0.0378984375,0.703125,0.040234375,1
original,40,40,KR_like,6,170000,1.0,0,0.8,1.0,A2,sis,75.14247326584903,12.932228421344778,-64.79669052877321,0.0,-64.79669052877321,-64.79669052877321,0.3974358974358974,2.6207846153846157,0.075,0.5,0.0378984375,0.703125,0.040234375,1
original,40,40,KR_like,7,170000,1.0,0,0.2,1.0,A2,sis,75.22100214834163,14.110021256281858,-72.39899789708525,0.0,-72.39899789708525,-72.39899789708525,0.37435897435897436,2.7592461538461537,0.075,0.5,0.035209374999999994,0.65625,0.0375,1
original,40,40,KR_like,7,170000,1.0,0,0.8,1.0,A2,sis,75.22100214834163,14.110021256281858,-63.93298514331614,0.0,-63.93298514331614,-63.93298514331614,0.37435897435897436,2.7592461538461537,0.075,0.5,0.035209374999999994,0.65625,0.0375,1
original,40,40,interval_order,0,170000,1.0,0,0.2,1.0,A2,sis,53.23364519931197,3.7213502805486036,-52.48937514320225,0.0,-52.48937514320225,-52.48937514320225,0.5974358974358974,1.4207846153846155,0.25,0.15,0.06428281250000001,0.265625,0.14296875,5
original,40,40,interval_order,0,170000,1.0,0,0.8,1.0,A2,sis,53.23364519931197,3.7213502805486036,-50.256564974873086,0.0,-50.256564974873086,-50.256564974873086,0.5974358974358974,1.4207846153846155,0.25,0.15,0.06428281250000001,0.265625,0.14296875,4
original,40,40,interval_order,1,170000,1.0,0,0.2,1.0,A2,sis,58.92498445770865,1.0320473094173255,-58.718574995825186,0.0,-58.718574995825186,-58.718574995825186,0.5512820512820513,1.6977076923076921,0.225,0.25,0.061429687499999996,0.265625,0.11484375,5
original,40,40,interval_order,1,170000,1.0,0,0.8,1.0,A2,sis,58.92498445770865,1.0320473094173255,-58.09934661017479,0.0,-58.09934661017479,-58.09934661017479,0.5512820512820513,1.6977076923076921,0.225,0.25,0.061429687499999996,0.265625,0.11484375,4
original,40,40,interval_order,2,170000,1.0,0,0.2,1.0,A2,sis,56.54644066426588,2.6609366836224977,-56.01425332754138,0.0,-56.01425332754138,-56.01425332754138,0.5884615384615385,1.4746307692307692,0.25,0.2,0.06409335937499999,0.28125,0.110546875,5
original,40,40,interval_order,2,170000,1.0,0,0.8,1.0,A2,sis,56.54644066426588,2.6609366836224977,-54.41769131736788,0.0,-54.41769131736788,-54.41769131736788,0.5884615384615385,1.4746307692307692,0.25,0.2,0.06409335937499999,0.28125,0.110546875,4
original,40,40,interval_order,3,170000,1.0,0,0.2,1.0,A2,sis,60.50427763444553,3.705525337664321,-59.763172566912665,0.0,-59.763172566912665,-59.763172566912665,0.6064102564102564,1.3669384615384619,0.25,0.2,0.066262109375,0.25,0.086328125,5
original,40,40,interval_order,3,170000,1.0,0,0.8,1.0,A2,sis,60.50427763444553,3.705525337664321,-57.539857364314074,0.0,-57.539857364314074,-57.539857364314074,0.6064102564102564,1.3669384615384619,0.25,0.2,0.066262109375,0.25,0.086328125,4
original,40,40,interval_order,4,170000,1.0,0,0.2,1.0,A2,sis,59.09248794295954,0.1872162830213583,-59.055044686355274,0.0,-59.055044686355274,-59.055044686355274,0.49615384615384617,2.028476923076923,0.225,0.225,0.054371484375,0.15625,0.1234375,5
original,40,40,interval_order,4,170000,1.0,0,0.8,1.0,A2,sis,59.09248794295954,0.1872162830213583,-58.94271491654246,0.0,-58.94271491654246,-58.94271491654246,0.49615384615384617,2.028476923076923,0.225,0.225,0.054371484375,0.15625,0.1234375,4
original,40,40,interval_order,5,170000,1.0,0,0.2,1.0,A2,sis,60.75697278751033,3.5652522440756926,-60.04392233869519,0.0,-60.04392233869519,-60.04392233869519,0.6051282051282051,1.3746307692307695,0.25,0.225,0.06672499999999999,0.265625,0.1328125,5
original,40,40,interval_order,5,170000,1.0,0,0.8,1.0,A2,sis,60.75697278751033,3.5652522440756926,-57.90477099224977,0.0,-57.90477099224977,-57.90477099224977,0.6051282051282051,1.3746307692307695,0.25,0.225,0.06672499999999999,0.265625,0.1328125,4
original,40,40,interval_order,6,170000,1.0,0,0.2,1.0,A2,sis,59.20180503212833,2.5133586443161686,-58.69913330326509,0.0,-58.69913330326509,-58.69913330326509,0.5794871794871795,1.5284769230769228,0.2,0.225,0.064178125,0.453125,0.098828125,5
original,40,40,interval_order,6,170000,1.0,0,0.8,1.0,A2,sis,59.20180503212833,2.5133586443161686,-57.19111811667539,0.0,-57.19111811667539,-57.19111811667539,0.5794871794871795,1.5284769230769228,0.2,0.225,0.064178125,0.453125,0.098828125,4
original,40,40,interval_order,7,170000,1.0,0,0.2,1.0,A2,sis,63.28167122303919,1.9181977343331111,-62.898031676172565,0.0,-62.898031676172565,-62.898031676172565,0.5717948717948718,1.5746307692307695,0.2,0.25,0.0625171875,0.28125,0.117578125,5
original,40,40,interval_order,7,170000,1.0,0,0.8,1.0,A2,sis,63.28167122303919,1.9181977343331111,-61.7471130355727,0.0,-61.7471130355727,-61.7471130355727,0.5717948717948718,1.5746307692307695,0.2,0.25,0.0625171875,0.28125,0.117578125,4
original,40,40,random_layered_k6_uniform,0,170000,1.0,0,0.2,1.0,A2,sis,60.035775380963365,0.1877019201569905,-59.99823499693197,0.0,-59.99823499693197,-59.99823499693197,0.5012820512820513,1.9977076923076924,0.15,0.175,0.05031210937500001,0.28125,0.08671875,4
original,40,40,random_layered_k6_uniform,0,170000,1.0,0,0.8,1.0,A2,sis,60.035775380963365,0.1877019201569905,-59.88561384483777,0.0,-59.88561384483777,-59.88561384483777,0.5012820512820513,1.9977076923076924,0.15,0.175,0.05031210937500001,0.28125,0.08671875,3
original,40,40,random_layered_k6_uniform,1,170000,1.0,0,0.2,1.0,A2,sis,58.955600369932974,0.6572080480971777,-58.82415876031354,0.0,-58.82415876031354,-58.82415876031354,0.4756410256410256,2.1515538461538464,0.15,0.225,0.048374609374999995,0.3125,0.067578125,4
original,40,40,random_layered_k6_uniform,1,170000,1.0,0,0.8,1.0,A2,sis,58.955600369932974,0.6572080480971777,-58.42983393145523,0.0,-58.42983393145523,-58.42983393145523,0.4756410256410256,2.1515538461538464,0.15,0.225,0.048374609374999995,0.3125,0.067578125,3
original,40,40,random_layered_k6_uniform,2,170000,1.0,0,0.2,1.0,A2,sis,61.81507874662124,1.56105237980831,-61.502868270659576,0.0,-61.502868270659576,-61.502868270659576,0.5358974358974359,1.7900153846153848,0.15,0.3,0.053607812500000004,0.203125,0.080859375,4
original,40,40,random_layered_k6_uniform,2,170000,1.0,0,0.8,1.0,A2,sis,61.81507874662124,1.56105237980831,-60.56623684277459,0.0,-60.56623684277459,-60.56623684277459,0.5358974358974359,1.7900153846153848,0.15,0.3,0.053607812500000004,0.203125,0.080859375,3
original,40,40,random_layered_k6_uniform,3,170000,1.0,0,0.2,1.0,A2,sis,56.00648683945453,0.8762541838129629,-55.83123600269194,0.0,-55.83123600269194,-55.83123600269194,0.5230769230769231,1.8669384615384614,0.15,0.25,0.05180312499999999,0.234375,0.101171875,4
original,40,40,random_layered_k6_uniform,3,170000,1.0,0,0.8,1.0,A2,sis,56.00648683945453,0.8762541838129629,-55.305483492404164,0.0,-55.305483492404164,-55.305483492404164,0.5230769230769231,1.8669384615384614,0.15,0.25,0.05180312499999999,0.234375,0.101171875,3
original,40,40,random_layered_k6_uniform,4,170000,1.0,0,0.2,1.0,A2,sis,63.81807637904372,3.8909925964646916,-63.03987785975078,0.0,-63.03987785975078,-63.03987785975078,0.3974358974358974,2.6207846153846157,0.15,0.275,0.0390234375,0.28125,0.06328125,4
original,40,40,random_layered_k6_uniform,4,170000,1.0,0,0.8,1.0,A2,sis,63.81807637904372,3.8909925964646916,-60.70528230187196,0.0,-60.70528230187196,-60.70528230187196,0.3974358974358974,2.6207846153846157,0.15,0.275,0.0390234375,0.28125,0.06328125,3
original,40,40,random_layered_k6_uniform,5,170000,1.0,0,0.2,1.0,A2,sis,62.346988409380344,1.2913857046081714,-62.08871126845871,0.0,-62.08871126845871,-62.08871126845871,0.46153846153846156,2.2361692307692307,0.15,0.275,0.046125,0.25,0.076953125,4
original,40,40,random_layered_k6_uniform,5,170000,1.0,0,0.8,1.0,A2,sis,62.346988409380344,1.2913857046081714,-61.313879845693805,0.0,-61.313879845693805,-61.313879845693805,0.46153846153846156,2.2361692307692307,0.15,0.275,0.046125,0.25,0.076953125,3
original,40,40,random_layered_k6_uniform,6,170000,1.0,0,0.2,1.0,A2,sis,62.91263673642565,0.6228895155433766,-62.788058833316974,0.0,-62.788058833316974,-62.788058833316974,0.5192307692307693,1.8900153846153844,0.15,0.225,0.052943359375,0.125,0.09921875,4
original,40,40,random_layered_k6_uniform,6,170000,1.0,0,0.8,1.0,A2,sis,62.91263673642565,0.6228895155433766,-62.41432512399095,0.0,-62.41432512399095,-62.41432512399095,0.5192307692307693,1.8900153846153844,0.15,0.225,0.052943359375,0.125,0.09921875,3
original,40,40,random_layered_k6_uniform,7,170000,1.0,0,0.2,1.0,A2,sis,56.76872461878382,1.439415157284433,-56.480841587326935,0.0,-56.480841587326935,-56.480841587326935,0.5602564102564103,1.6438615384615385,0.15,0.2,0.055902734375000006,0.1875,0.096484375,4
original,40,40,random_layered_k6_uniform,7,170000,1.0,0,0.8,1.0,A2,sis,56.76872461878382,1.439415157284433,-55.61719249295628,0.0,-55.61719249295628,-55.61719249295628,0.5602564102564103,1.6438615384615385,0.15,0.2,0.055902734375000006,0.1875,0.096484375,3
original,40,40,transitive_percolation,0,170000,1.0,0,0.2,1.0,A2,sis,69.97410672007264,23.43990737213737,-65.28612524564517,0.0,-65.28612524564517,-65.28612524564517,0.21666666666666667,3.7054,0.175,0.225,0.015124609374999997,0.296875,0.03828125,3
original,40,40,transitive_percolation,0,170000,1.0,0,0.8,1.0,A2,sis,69.97410672007264,23.43990737213737,-51.222180822362745,0.0,-51.222180822362745,-51.222180822362745,0.21666666666666667,3.7054,0.175,0.225,0.015124609374999997,0.296875,0.03828125,6
original,40,40,transitive_percolation,1,170000,1.0,0,0.2,1.0,A2,sis,71.14305956828164,18.389763399668592,-67.46510688834792,0.0,-67.46510688834792,-67.46510688834792,0.25,3.5054,0.2,0.275,0.020943359374999998,0.296875,0.03984375,3
original,40,40,transitive_percolation,1,170000,1.0,0,0.8,1.0,A2,sis,71.14305956828164,18.389763399668592,-56.43124884854677,0.0,-56.43124884854677,-56.43124884854677,0.25,3.5054,0.2,0.275,0.020943359374999998,0.296875,0.03984375,6
original,40,40,transitive_percolation,2,170000,1.0,0,0.2,1.0,A2,sis,73.11630592294355,17.523468850181775,-69.6116121529072,0.0,-69.6116121529072,-69.6116121529072,0.2564102564102564,3.4669384615384615,0.175,0.25,0.02196875,0.21875,0.04296875,3
original,40,40,transitive_percolation,2,170000,1.0,0,0.8,1.0,A2,sis,73.11630592294355,17.523468850181775,-59.097530842798136,0.0,-59.097530842798136,-59.097530842798136,0.2564102564102564,3.4669384615384615,0.175,0.25,0.02196875,0.21875,0.04296875,6
original,40,40,transitive_percolation,3,170000,1.0,0,0.2,1.0,A2,sis,67.57645352072802,10.35030790816907,-65.50639193909421,0.0,-65.50639193909421,-65.50639193909421,0.3141025641025641,3.1207846153846157,0.175,0.25,0.026833984375,0.265625,0.05625,3
original,40,40,transitive_percolation,3,170000,1.0,0,0.8,1.0,A2,sis,67.57645352072802,10.35030790816907,-59.29620719419277,0.0,-59.29620719419277,-59.29620719419277,0.3141025641025641,3.1207846153846157,0.175,0.25,0.026833984375,0.265625,0.05625,6
original,40,40,transitive_percolation,4,170000,1.0,0,0.2,1.0,A2,sis,78.35902876150274,30.929396011297392,-72.17314955924326,0.0,-72.17314955924326,-72.17314955924326,0.17692307692307693,3.9438615384615385,0.175,0.3,0.014639062500000001,0.375,0.0390625,3
original,40,40,transitive_percolation,4,170000,1.0,0,0.8,1.0,A2,sis,78.35902876150274,30.929396011297392,-53.61551195246483,0.0,-53.61551195246483,-53.61551195246483,0.17692307692307693,3.9438615384615385,0.175,0.3,0.014639062500000001,0.375,0.0390625,6
original,40,40,transitive_percolation,5,170000,1.0,0,0.2,1.0,A2,sis,77.6609934362654,35.99246252228567,-70.46250093180826,0.0,-70.46250093180826,-70.46250093180826,0.15128205128205127,4.097707692307692,0.15,0.275,0.0077796875,0.4375,0.025,3
original,40,40,transitive_percolation,5,170000,1.0,0,0.8,1.0,A2,sis,77.6609934362654,35.99246252228567,-48.86702341843686,0.0,-48.86702341843686,-48.86702341843686,0.15128205128205127,4.097707692307692,0.15,0.275,0.0077796875,0.4375,0.025,6
original,40,40,transitive_percolation,6,170000,1.0,0,0.2,1.0,A2,sis,84.27720628197896,40.3289258925797,-76.21142110346302,0.0,-76.21142110346302,-76.21142110346302,0.1346153846153846,4.197707692307692,0.175,0.425,0.008333984374999999,0.484375,0.024609375,3
original,40,40,transitive_percolation,6,170000,1.0,0,0.8,1.0,A2,sis,84.27720628197896,40.3289258925797,-52.0140655679152,0.0,-52.0140655679152,-52.0140655679152,0.1346153846153846,4.197707692307692,0.175,0.425,0.008333984374999999,0.484375,0.024609375,6
original,40,40,transitive_percolation,7,170000,1.0,0,0.2,1.0,A2,sis,78.41690182074875,38.8157637525185,-70.65374907024506,0.0,-70.65374907024506,-70.65374907024506,0.14102564102564102,4.159246153846154,0.15,0.35,0.0077421875,0.421875,0.023046875,3
original,40,40,transitive_percolation,7,170000,1.0,0,0.8,1.0,A2,sis,78.41690182074875,38.8157637525185,-47.36429081873395,0.0,-47.36429081873395,-47.36429081873395,0.14102564102564102,4.159246153846154,0.15,0.35,0.0077421875,0.421875,0.023046875,6
original,52,52,lorentzian_like_2d,0,170000,1.0,0,0.2,1.0,A2,sis,79.41811018026877,0.29738382019659304,-79.35863341622945,0.0,-79.35863341622945,-79.35863341622945,0.5128205128205128,1.9284769230769234,0.17307692307692307,0.15384615384615385,0.04672346031301425,0.15625,0.07481971153846154,6
original,52,52,lorentzian_like_2d,0,170000,1.0,0,0.8,1.0,A2,sis,79.41811018026877,0.29738382019659304,-79.1802031241115,0.0,-79.1802031241115,-79.1802031241115,0.5128205128205128,1.9284769230769234,0.17307692307692307,0.15384615384615385,0.04672346031301425,0.15625,0.07481971153846154,6
original,52,52,lorentzian_like_2d,1,170000,1.0,0,0.2,1.0,A2,sis,80.95727138033803,0.30006281944665264,-80.8972588164487,0.0,-80.8972588164487,-80.8972588164487,0.47737556561085975,2.1411466063348414,0.15384615384615385,0.17307692307692307,0.043542631341689716,0.125,0.07602163461538461,6
original,52,52,lorentzian_like_2d,1,170000,1.0,0,0.8,1.0,A2,sis,80.95727138033803,0.30006281944665264,-80.7172211247807,0.0,-80.7172211247807,-80.7172211247807,0.47737556561085975,2.1411466063348414,0.15384615384615385,0.17307692307692307,0.043542631341689716,0.125,0.07602163461538461,6
original,52,52,lorentzian_like_2d,2,170000,1.0,0,0.2,1.0,A2,sis,80.25565429187343,0.40684102409042305,-80.17428608705534,0.0,-80.17428608705534,-80.17428608705534,0.521870286576169,1.8741782805429863,0.19230769230769232,0.15384615384615385,0.04811303000595218,0.203125,0.08233173076923077,6
original,52,52,lorentzian_like_2d,2,170000,1.0,0,0.8,1.0,A2,sis,80.25565429187343,0.40684102409042305,-79.93018147260109,0.0,-79.93018147260109,-79.93018147260109,0.521870286576169,1.8741782805429863,0.19230769230769232,0.15384615384615385,0.04811303000595218,0.203125,0.08233173076923077,6
original,52,52,lorentzian_like_2d,3,170000,1.0,0,0.2,1.0,A2,sis,79.02957351831095,0.8773637909206301,-78.85410076012683,0.0,-78.85410076012683,-78.85410076012683,0.4502262443438914,2.3040425339366517,0.19230769230769232,0.19230769230769232,0.03790666796505725,0.15625,0.08263221153846154,6
original,52,52,lorentzian_like_2d,3,170000,1.0,0,0.8,1.0,A2,sis,79.02957351831095,0.8773637909206301,-78.32768248557446,0.0,-78.32768248557446,-78.32768248557446,0.4502262443438914,2.3040425339366517,0.19230769230769232,0.19230769230769232,0.03790666796505725,0.15625,0.08263221153846154,6
original,52,52,lorentzian_like_2d,4,170000,1.0,0,0.2,1.0,A2,sis,76.8818786106606,1.5622666223201607,-76.56942528619658,0.0,-76.56942528619658,-76.56942528619658,0.5535444947209653,1.684133031674208,0.19230769230769232,0.11538461538461539,0.05297214733377683,0.171875,0.09495192307692307,6
original,52,52,lorentzian_like_2d,4,170000,1.0,0,0.8,1.0,A2,sis,76.8818786106606,1.5622666223201607,-75.63206531280449,0.0,-75.63206531280449,-75.63206531280449,0.5535444947209653,1.684133031674208,0.19230769230769232,0.11538461538461539,0.05297214733377683,0.171875,0.09495192307692307,6
original,52,52,lorentzian_like_2d,5,170000,1.0,0,0.2,1.0,A2,sis,81.31553044334188,0.42606565141212743,-81.23031731305946,0.0,-81.23031731305946,-81.23031731305946,0.5067873303167421,1.9646760180995477,0.19230769230769232,0.1346153846153846,0.0476266806134239,0.171875,0.0985576923076923,6
original,52,52,lorentzian_like_2d,5,170000,1.0,0,0.8,1.0,A2,sis,81.31553044334188,0.42606565141212743,-80.97467792221218,0.0,-80.97467792221218,-80.97467792221218,0.5067873303167421,1.9646760180995477,0.19230769230769232,0.1346153846153846,0.0476266806134239,0.171875,0.0985576923076923,6
original,52,52,lorentzian_like_2d,6,170000,1.0,0,0.2,1.0,A2,sis,80.44699595649651,0.36208535652709,-80.37457888519108,0.0,-80.37457888519108,-80.37457888519108,0.5233785822021116,1.8651285067873302,0.17307692307692307,0.15384615384615385,0.04943366828892545,0.1875,0.09795673076923077,6
original,52,52,lorentzian_like_2d,6,170000,1.0,0,0.8,1.0,A2,sis,80.44699595649651,0.36208535652709,-80.15732767127484,0.0,-80.15732767127484,-80.15732767127484,0.5233785822021116,1.8651285067873302,0.17307692307692307,0.15384615384615385,0.04943366828892545,0.1875,0.09795673076923077,6
original,52,52,lorentzian_like_2d,7,170000,1.0,0,0.2,1.0,A2,sis,77.67898348588545,0.22207412393673032,-77.6345686610981,0.0,-77.6345686610981,-77.6345686610981,0.5075414781297134,1.9601511312217197,0.17307692307692307,0.17307692307692307,0.046020332577640835,0.140625,0.11688701923076923,6
original,52,52,lorentzian_like_2d,7,170000,1.0,0,0.8,1.0,A2,sis,77.67898348588545,0.22207412393673032,-77.50132418673607,0.0,-77.50132418673607,-77.50132418673607,0.5075414781297134,1.9601511312217197,0.17307692307692307,0.17307692307692307,0.046020332577640835,0.140625,0.11688701923076923,6
original,52,52,multi_layer_random,0,170000,1.0,0,0.2,1.0,A2,sis,97.01101135059025,6.210276995392936,-95.76895595151167,0.0,-95.76895595151167,-95.76895595151167,0.42232277526395173,2.4714633484162896,0.09615384615384616,0.40384615384615385,0.044245212002380865,0.4375,0.04927884615384615,2
original,52,52,multi_layer_random,0,170000,1.0,0,0.8,1.0,A2,sis,97.01101135059025,6.210276995392936,-92.0427897542759,0.0,-92.0427897542759,-92.0427897542759,0.42232277526395173,2.4714633484162896,0.09615384615384616,0.40384615384615385,0.044245212002380865,0.4375,0.04927884615384615,2
original,52,52,multi_layer_random,1,170000,1.0,0,0.2,1.0,A2,sis,111.29242942974717,21.670874669479268,-106.95825449585132,0.0,-106.95825449585132,-106.95825449585132,0.2616892911010558,3.4352642533936653,0.09615384615384616,0.4230769230769231,0.027284665934316023,0.5,0.033353365384615384,2
original,52,52,multi_layer_random,1,170000,1.0,0,0.8,1.0,A2,sis,111.29242942974717,21.670874669479268,-93.95572969416375,0.0,-93.95572969416375,-93.95572969416375,0.2616892911010558,3.4352642533936653,0.09615384615384616,0.4230769230769231,0.027284665934316023,0.5,0.033353365384615384,2
original,52,52,multi_layer_random,2,170000,1.0,0,0.2,1.0,A2,sis,105.12637179615888,15.130341796685162,-102.10030343682185,0.0,-102.10030343682185,-102.10030343682185,0.33559577677224733,2.991825339366516,0.07692307692307693,0.4807692307692308,0.03141234441196037,0.3125,0.03756009615384615,2
original,52,52,multi_layer_random,2,170000,1.0,0,0.8,1.0,A2,sis,105.12637179615888,15.130341796685162,-93.02209835881075,0.0,-93.02209835881075,-93.02209835881075,0.33559577677224733,2.991825339366516,0.07692307692307693,0.4807692307692308,0.03141234441196037,0.3125,0.03756009615384615,2
original,52,52,multi_layer_random,3,170000,1.0,0,0.2,1.0,A2,sis,107.17243328157105,9.717544329010154,-105.22892441576901,0.0,-105.22892441576901,-105.22892441576901,0.36425339366515835,2.81987963800905,0.09615384615384616,0.38461538461538464,0.03515925891075242,0.359375,0.039663461538461536,2
original,52,52,multi_layer_random,3,170000,1.0,0,0.8,1.0,A2,sis,107.17243328157105,9.717544329010154,-99.39839781836292,0.0,-99.39839781836292,-99.39839781836292,0.36425339366515835,2.81987963800905,0.09615384615384616,0.38461538461538464,0.03515925891075242,0.359375,0.039663461538461536,2
original,52,52,multi_layer_random,4,170000,1.0,0,0.2,1.0,A2,sis,96.61132998515846,2.921605254536523,-96.02700893425116,0.0,-96.02700893425116,-96.02700893425116,0.49095022624434387,2.0596986425339368,0.09615384615384616,0.3076923076923077,0.04961297201603585,0.25,0.04717548076923077,2
original,52,52,multi_layer_random,4,170000,1.0,0,0.8,1.0,A2,sis,96.61132998515846,2.921605254536523,-94.27404578152924,0.0,-94.27404578152924,-94.27404578152924,0.49095022624434387,2.0596986425339368,0.09615384615384616,0.3076923076923077,0.04961297201603585,0.25,0.04717548076923077,2
original,52,52,multi_layer_random,5,170000,1.0,0,0.2,1.0,A2,sis,114.20017111789443,20.01372242071236,-110.19742663375196,0.0,-110.19742663375196,-110.19742663375196,0.29260935143288086,3.249743891402715,0.09615384615384616,0.6346153846153846,0.03178996271138966,0.296875,0.03365384615384615,2
original,52,52,multi_layer_random,5,170000,1.0,0,0.8,1.0,A2,sis,114.20017111789443,20.01372242071236,-98.18919318132454,0.0,-98.18919318132454,-98.18919318132454,0.29260935143288086,3.249743891402715,0.09615384615384616,0.6346153846153846,0.03178996271138966,0.296875,0.03365384615384615,2
original,52,52,multi_layer_random,6,170000,1.0,0,0.2,1.0,A2,sis,95.7499208221727,3.6820693095189885,-95.0135069602689,0.0,-95.0135069602689,-95.0135069602689,0.48265460030165913,2.109472398190045,0.09615384615384616,0.34615384615384615,0.04933628899548335,0.296875,0.06640625,2
original,52,52,multi_layer_random,6,170000,1.0,0,0.8,1.0,A2,sis,95.7499208221727,3.6820693095189885,-92.8042653745575,0.0,-92.8042653745575,-92.8042653745575,0.48265460030165913,2.109472398190045,0.09615384615384616,0.34615384615384615,0.04933628899548335,0.296875,0.06640625,2
original,52,52,multi_layer_random,7,170000,1.0,0,0.2,1.0,A2,sis,99.72787072373882,5.3215793622154175,-98.66355485129573,0.0,-98.66355485129573,-98.66355485129573,0.42081447963800905,2.4805131221719456,0.09615384615384616,0.34615384615384615,0.04112305679072862,0.234375,0.03635817307692308,2
original,52,52,multi_layer_random,7,170000,1.0,0,0.8,1.0,A2,sis,99.72787072373882,5.3215793622154175,-95.47060723396649,0.0,-95.47060723396649,-95.47060723396649,0.42081447963800905,2.4805131221719456,0.09615384615384616,0.34615384615384615,0.04112305679072862,0.234375,0.03635817307692308,2
original,52,52,KR_like,0,170000,1.0,0,0.2,1.0,A2,sis,106.3187486023735,16.395513481863834,-103.03964590600074,0.0,-103.03964590600074,-103.03964590600074,0.3770739064856712,2.7429565610859727,0.057692307692307696,0.5,0.03530601169426841,0.703125,0.03395432692307692,1
original,52,52,KR_like,0,170000,1.0,0,0.8,1.0,A2,sis,106.3187486023735,16.395513481863834,-93.20233781688243,0.0,-93.20233781688243,-93.20233781688243,0.3770739064856712,2.7429565610859727,0.057692307692307696,0.5,0.03530601169426841,0.703125,0.03395432692307692,1
original,52,52,KR_like,1,170000,1.0,0,0.2,1.0,A2,sis,108.39371938492654,16.407415244059944,-105.11223633611455,0.0,-105.11223633611455,-105.11223633611455,0.3717948717948718,2.774630769230769,0.057692307692307696,0.5,0.03514722326774273,0.640625,0.039963942307692304,1
original,52,52,KR_like,1,170000,1.0,0,0.8,1.0,A2,sis,108.39371938492654,16.407415244059944,-95.26778718967859,0.0,-95.26778718967859,-95.26778718967859,0.3717948717948718,2.774630769230769,0.057692307692307696,0.5,0.03514722326774273,0.640625,0.039963942307692304,1
original,52,52,KR_like,2,170000,1.0,0,0.2,1.0,A2,sis,106.12262220092941,17.892220995081107,-102.5441780019132,0.0,-102.5441780019132,-102.5441780019132,0.36199095022624433,2.833454298642534,0.057692307692307696,0.5,0.03392574227092889,0.734375,0.028245192307692308,1
original,52,52,KR_like,2,170000,1.0,0,0.8,1.0,A2,sis,106.12262220092941,17.892220995081107,-91.80884540486453,0.0,-91.80884540486453,-91.80884540486453,0.36199095022624433,2.833454298642534,0.057692307692307696,0.5,0.03392574227092889,0.734375,0.028245192307692308,1
original,52,52,KR_like,3,170000,1.0,0,0.2,1.0,A2,sis,110.86293479760198,16.04574044033464,-107.65378670953505,0.0,-107.65378670953505,-107.65378670953505,0.38461538461538464,2.6977076923076924,0.057692307692307696,0.5,0.036705428731486994,0.71875,0.034254807692307696,1
original,52,52,KR_like,3,170000,1.0,0,0.8,1.0,A2,sis,110.86293479760198,16.04574044033464,-98.02634244533427,0.0,-98.02634244533427,-98.02634244533427,0.38461538461538464,2.6977076923076924,0.057692307692307696,0.5,0.036705428731486994,0.71875,0.034254807692307696,1
original,52,52,KR_like,4,170000,1.0,0,0.2,1.0,A2,sis,106.10262108792926,15.856301304437208,-102.93136082704183,0.0,-102.93136082704183,-102.93136082704183,0.3815987933634992,2.7158072398190045,0.057692307692307696,0.5,0.03629402857042821,0.65625,0.041165865384615384,1
original,52,52,KR_like,4,170000,1.0,0,0.8,1.0,A2,sis,106.10262108792926,15.856301304437208,-93.41758004437949,0.0,-93.41758004437949,-93.41758004437949,0.3815987933634992,2.7158072398190045,0.057692307692307696,0.5,0.03629402857042821,0.65625,0.041165865384615384,1
original,52,52,KR_like,5,170000,1.0,0,0.2,1.0,A2,sis,107.16837967277323,15.157599260325929,-104.13685982070804,0.0,-104.13685982070804,-104.13685982070804,0.3936651583710407,2.643409049773756,0.057692307692307696,0.5,0.037721346416441995,0.671875,0.04417067307692308,1
original,52,52,KR_like,5,170000,1.0,0,0.8,1.0,A2,sis,107.16837967277323,15.157599260325929,-95.04230026451248,0.0,-95.04230026451248,-95.04230026451248,0.3936651583710407,2.643409049773756,0.057692307692307696,0.5,0.037721346416441995,0.671875,0.04417067307692308,1
original,52,52,KR_like,6,170000,1.0,0,0.2,1.0,A2,sis,108.35664030289655,14.885279299659425,-105.37958444296467,0.0,-105.37958444296467,-105.37958444296467,0.3974358974358974,2.6207846153846157,0.057692307692307696,0.5,0.03824858964146913,0.65625,0.047475961538461536,1
original,52,52,KR_like,6,170000,1.0,0,0.8,1.0,A2,sis,108.35664030289655,14.885279299659425,-96.44841686316902,0.0,-96.44841686316902,-96.44841686316902,0.3974358974358974,2.6207846153846157,0.057692307692307696,0.5,0.03824858964146913,0.65625,0.047475961538461536,1
original,52,52,KR_like,7,170000,1.0,0,0.2,1.0,A2,sis,108.86617484673215,16.134975268570102,-105.63917979301813,0.0,-105.63917979301813,-105.63917979301813,0.3793363499245852,2.7293819004524886,0.057692307692307696,0.5,0.03623152528798011,0.671875,0.04176682692307692,1
original,52,52,KR_like,7,170000,1.0,0,0.8,1.0,A2,sis,108.86617484673215,16.134975268570102,-95.95819463187607,0.0,-95.95819463187607,-95.95819463187607,0.3793363499245852,2.7293819004524886,0.057692307692307696,0.5,0.03623152528798011,0.671875,0.04176682692307692,1
original,52,52,interval_order,0,170000,1.0,0,0.2,1.0,A2,sis,79.76204281780538,3.7103760696349966,-79.01996760387838,0.0,-79.01996760387838,-79.01996760387838,0.6048265460030166,1.3764407239819008,0.21153846153846154,0.15384615384615385,0.06569108662161689,0.234375,0.14122596153846154,4
original,52,52,interval_order,0,170000,1.0,0,0.8,1.0,A2,sis,79.76204281780538,3.7103760696349966,-76.79374196209739,0.0,-76.79374196209739,-76.79374196209739,0.6048265460030166,1.3764407239819008,0.21153846153846154,0.15384615384615385,0.06569108662161689,0.234375,0.14122596153846154,4
original,52,52,interval_order,1,170000,1.0,0,0.2,1.0,A2,sis,87.92523814474372,0.4938682754172113,-87.82646448966027,0.0,-87.82646448966027,-87.82646448966027,0.5128205128205128,1.9284769230769234,0.15384615384615385,0.21153846153846154,0.058671571373551355,0.328125,0.1045673076923077,4
original,52,52,interval_order,1,170000,1.0,0,0.8,1.0,A2,sis,87.92523814474372,0.4938682754172113,-87.53014352440995,0.0,-87.53014352440995,-87.53014352440995,0.5128205128205128,1.9284769230769234,0.15384615384615385,0.21153846153846154,0.058671571373551355,0.328125,0.1045673076923077,4
original,52,52,interval_order,2,170000,1.0,0,0.2,1.0,A2,sis,81.96723440384072,3.2397825494614314,-81.31927789394844,0.0,-81.31927789394844,-81.31927789394844,0.5965309200603318,1.4262144796380092,0.17307692307692307,0.21153846153846154,0.06437523524211337,0.25,0.09134615384615384,4
original,52,52,interval_order,2,170000,1.0,0,0.8,1.0,A2,sis,81.96723440384072,3.2397825494614314,-79.37540836427158,0.0,-79.37540836427158,-79.37540836427158,0.5965309200603318,1.4262144796380092,0.17307692307692307,0.21153846153846154,0.06437523524211337,0.25,0.09134615384615384,4
original,52,52,interval_order,3,170000,1.0,0,0.2,1.0,A2,sis,87.69674544826404,0.8344977312564537,-87.52984590201275,0.0,-87.52984590201275,-87.52984590201275,0.5399698340874811,1.7655809954751134,0.19230769230769232,0.23076923076923078,0.0611290308462589,0.265625,0.11838942307692307,4
original,52,52,interval_order,3,170000,1.0,0,0.8,1.0,A2,sis,87.69674544826404,0.8344977312564537,-87.02914726325888,0.0,-87.02914726325888,-87.02914726325888,0.5399698340874811,1.7655809954751134,0.19230769230769232,0.23076923076923078,0.0611290308462589,0.265625,0.11838942307692307,4
original,52,52,interval_order,4,170000,1.0,0,0.2,1.0,A2,sis,98.21658483047594,3.3760676055552774,-97.54137130936488,0.0,-97.54137130936488,-97.54137130936488,0.4592760180995475,2.2497438914027152,0.11538461538461539,0.2692307692307692,0.052804058637652744,0.4375,0.05618990384615385,4
original,52,52,interval_order,4,170000,1.0,0,0.8,1.0,A2,sis,98.21658483047594,3.3760676055552774,-95.51573074603172,0.0,-95.51573074603172,-95.51573074603172,0.4592760180995475,2.2497438914027152,0.11538461538461539,0.2692307692307692,0.052804058637652744,0.4375,0.05618990384615385,4
original,52,52,interval_order,5,170000,1.0,0,0.2,1.0,A2,sis,85.8467319630113,0.5106593978442582,-85.74460008344244,0.0,-85.74460008344244,-85.74460008344244,0.49547511312217196,2.032549321266968,0.17307692307692307,0.25,0.0553599915531669,0.234375,0.10576923076923077,4
original,52,52,interval_order,5,170000,1.0,0,0.8,1.0,A2,sis,85.8467319630113,0.5106593978442582,-85.43820444473589,0.0,-85.43820444473589,-85.43820444473589,0.49547511312217196,2.032549321266968,0.17307692307692307,0.25,0.0553599915531669,0.234375,0.10576923076923077,4
original,52,52,interval_order,6,170000,1.0,0,0.2,1.0,A2,sis,87.81212588877311,1.0821389930378424,-87.59569809016554,0.0,-87.59569809016554,-87.59569809016554,0.548265460030166,1.7158072398190043,0.19230769230769232,0.21153846153846154,0.06099212540702356,0.25,0.11177884615384616,4
original,52,52,interval_order,6,170000,1.0,0,0.8,1.0,A2,sis,87.81212588877311,1.0821389930378424,-86.94641469434283,0.0,-86.94641469434283,-86.94641469434283,0.548265460030166,1.7158072398190043,0.19230769230769232,0.21153846153846154,0.06099212540702356,0.25,0.11177884615384616,4
original,52,52,interval_order,7,170000,1.0,0,0.2,1.0,A2,sis,83.85105744096265,1.2612995875169317,-83.59879752345927,0.0,-83.59879752345927,-83.59879752345927,0.5565610859728507,1.6660334841628959,0.19230769230769232,0.23076923076923078,0.06204538093904276,0.1875,0.11388221153846154,4
original,52,52,interval_order,7,170000,1.0,0,0.8,1.0,A2,sis,83.85105744096265,1.2612995875169317,-82.8420177709491,0.0,-82.8420177709491,-82.8420177709491,0.5565610859728507,1.6660334841628959,0.19230769230769232,0.23076923076923078,0.06204538093904276,0.1875,0.11388221153846154,4
original,52,52,random_layered_k6_uniform,0,170000,1.0,0,0.2,1.0,A2,sis,89.96896792398185,0.8889249199040927,-89.79118294000104,0.0,-89.79118294000104,-89.79118294000104,0.5007541478129713,2.000875113122172,0.11538461538461539,0.21153846153846154,0.04974987745527117,0.265625,0.07091346153846154,5
original,52,52,random_layered_k6_uniform,0,170000,1.0,0,0.8,1.0,A2,sis,89.96896792398185,0.8889249199040927,-89.25782798805858,0.0,-89.25782798805858,-89.25782798805858,0.5007541478129713,2.000875113122172,0.11538461538461539,0.21153846153846154,0.04974987745527117,0.265625,0.07091346153846154,5
original,52,52,random_layered_k6_uniform,1,170000,1.0,0,0.2,1.0,A2,sis,84.8208762108828,1.7117309768604387,-84.47853001551071,0.0,-84.47853001551071,-84.47853001551071,0.5497737556561086,1.7067574660633482,0.11538461538461539,0.21153846153846154,0.05564392331325934,0.21875,0.10877403846153846,5
original,52,52,random_layered_k6_uniform,1,170000,1.0,0,0.8,1.0,A2,sis,84.8208762108828,1.7117309768604387,-83.45149142939445,0.0,-83.45149142939445,-83.45149142939445,0.5497737556561086,1.7067574660633482,0.11538461538461539,0.21153846153846154,0.05564392331325934,0.21875,0.10877403846153846,5
original,52,52,random_layered_k6_uniform,2,170000,1.0,0,0.2,1.0,A2,sis,84.39594061976665,1.5585526638391303,-84.08423008699882,0.0,-84.08423008699882,-84.08423008699882,0.5369532428355958,1.7836805429864255,0.11538461538461539,0.23076923076923078,0.054762722768810605,0.15625,0.08533653846153846,5
original,52,52,random_layered_k6_uniform,2,170000,1.0,0,0.8,1.0,A2,sis,84.39594061976665,1.5585526638391303,-83.14909848869534,0.0,-83.14909848869534,-83.14909848869534,0.5369532428355958,1.7836805429864255,0.11538461538461539,0.23076923076923078,0.054762722768810605,0.15625,0.08533653846153846,5
original,52,52,random_layered_k6_uniform,3,170000,1.0,0,0.2,1.0,A2,sis,81.93388538050885,2.4508516469544617,-81.44371505111796,0.0,-81.44371505111796,-81.44371505111796,0.5678733031674208,1.5981601809954753,0.11538461538461539,0.21153846153846154,0.05801932158362802,0.25,0.0703125,5
original,52,52,random_layered_k6_uniform,3,170000,1.0,0,0.8,1.0,A2,sis,81.93388538050885,2.4508516469544617,-79.97320406294529,0.0,-79.97320406294529,-79.97320406294529,0.5678733031674208,1.5981601809954753,0.11538461538461539,0.21153846153846154,0.05801932158362802,0.25,0.0703125,5
original,52,52,random_layered_k6_uniform,4,170000,1.0,0,0.2,1.0,A2,sis,86.43174752053392,1.0311376357248385,-86.22551999338896,0.0,-86.22551999338896,-86.22551999338896,0.5188536953242836,1.8922778280542984,0.11538461538461539,0.21153846153846154,0.05254488200693254,0.203125,0.0811298076923077,5
original,52,52,random_layered_k6_uniform,4,170000,1.0,0,0.8,1.0,A2,sis,86.43174752053392,1.0311376357248385,-85.60683741195405,0.0,-85.60683741195405,-85.60683741195405,0.5188536953242836,1.8922778280542984,0.11538461538461539,0.21153846153846154,0.05254488200693254,0.203125,0.0811298076923077,5
original,52,52,random_layered_k6_uniform,5,170000,1.0,0,0.2,1.0,A2,sis,86.34455882476486,1.131196512094851,-86.11831952234589,0.0,-86.11831952234589,-86.11831952234589,0.5196078431372549,1.8877529411764704,0.11538461538461539,0.21153846153846154,0.05266947826581702,0.234375,0.06430288461538461,5
original,52,52,random_layered_k6_uniform,5,170000,1.0,0,0.8,1.0,A2,sis,86.34455882476486,1.131196512094851,-85.43960161508897,0.0,-85.43960161508897,-85.43960161508897,0.5196078431372549,1.8877529411764704,0.11538461538461539,0.21153846153846154,0.05266947826581702,0.234375,0.06430288461538461,5
original,52,52,random_layered_k6_uniform,6,170000,1.0,0,0.2,1.0,A2,sis,85.28599661280359,2.239993090859582,-84.83799799463166,0.0,-84.83799799463166,-84.83799799463166,0.5686274509803921,1.5936352941176473,0.11538461538461539,0.19230769230769232,0.057557180245789714,0.171875,0.09585336538461539,5
original,52,52,random_layered_k6_uniform,6,170000,1.0,0,0.8,1.0,A2,sis,85.28599661280359,2.239993090859582,-83.49400214011592,0.0,-83.49400214011592,-83.49400214011592,0.5686274509803921,1.5936352941176473,0.11538461538461539,0.19230769230769232,0.057557180245789714,0.171875,0.09585336538461539,5
original,52,52,random_layered_k6_uniform,7,170000,1.0,0,0.2,1.0,A2,sis,83.71460892343431,2.2619747454970787,-83.2622139743349,0.0,-83.2622139743349,-83.2622139743349,0.5429864253393665,1.7474814479638012,0.11538461538461539,0.2692307692307692,0.05436937607226638,0.171875,0.09254807692307693,5
original,52,52,random_layered_k6_uniform,7,170000,1.0,0,0.8,1.0,A2,sis,83.71460892343431,2.2619747454970787,-81.90502912703666,0.0,-81.90502912703666,-81.90502912703666,0.5429864253393665,1.7474814479638012,0.11538461538461539,0.2692307692307692,0.05436937607226638,0.171875,0.09254807692307693,5
original,52,52,transitive_percolation,0,170000,1.0,0,0.2,1.0,A2,sis,106.52363252263562,25.993395155876353,-101.32495349146035,0.0,-101.32495349146035,-101.32495349146035,0.20889894419306185,3.752006334841629,0.1346153846153846,0.3076923076923077,0.01565659356290046,0.3125,0.03064903846153846,3
original,52,52,transitive_percolation,0,170000,1.0,0,0.8,1.0,A2,sis,106.52363252263562,25.993395155876353,-85.72891639793454,0.0,-85.72891639793454,-85.72891639793454,0.20889894419306185,3.752006334841629,0.1346153846153846,0.3076923076923077,0.01565659356290046,0.3125,0.03064903846153846,3
original,52,52,transitive_percolation,1,170000,1.0,0,0.2,1.0,A2,sis,93.62972294199261,9.876684228500105,-91.65438609629258,0.0,-91.65438609629258,-91.65438609629258,0.3167420814479638,3.1049475113122176,0.23076923076923078,0.19230769230769232,0.030785533594762087,0.140625,0.08353365384615384,3
original,52,52,transitive_percolation,1,170000,1.0,0,0.8,1.0,A2,sis,93.62972294199261,9.876684228500105,-85.72837555919253,0.0,-85.72837555919253,-85.72837555919253,0.3167420814479638,3.1049475113122176,0.23076923076923078,0.19230769230769232,0.030785533594762087,0.140625,0.08353365384615384,3
original,52,52,transitive_percolation,2,170000,1.0,0,0.2,1.0,A2,sis,105.34626331076505,26.421724645426607,-100.06191838167973,0.0,-100.06191838167973,-100.06191838167973,0.2081447963800905,3.756531221719457,0.11538461538461539,0.28846153846153844,0.015291284443821997,0.234375,0.036057692307692304,3
original,52,52,transitive_percolation,2,170000,1.0,0,0.8,1.0,A2,sis,105.34626331076505,26.421724645426607,-84.20888359442377,0.0,-84.20888359442377,-84.20888359442377,0.2081447963800905,3.756531221719457,0.11538461538461539,0.28846153846153844,0.015291284443821997,0.234375,0.036057692307692304,3
original,52,52,transitive_percolation,3,170000,1.0,0,0.2,1.0,A2,sis,98.65851784171417,14.04907758422215,-95.84870232486975,0.0,-95.84870232486975,-95.84870232486975,0.28054298642533937,3.322142081447964,0.17307692307692307,0.19230769230769232,0.024136387906585902,0.234375,0.03756009615384615,3
original,52,52,transitive_percolation,3,170000,1.0,0,0.8,1.0,A2,sis,98.65851784171417,14.04907758422215,-87.41925577433645,0.0,-87.41925577433645,-87.41925577433645,0.28054298642533937,3.322142081447964,0.17307692307692307,0.19230769230769232,0.024136387906585902,0.234375,0.03756009615384615,3
original,52,52,transitive_percolation,4,170000,1.0,0,0.2,1.0,A2,sis,99.69432710075235,17.298943242951115,-96.23453845216213,0.0,-96.23453845216213,-96.23453845216213,0.2631975867269985,3.426214479638009,0.15384615384615385,0.3076923076923077,0.020480151036378277,0.15625,0.03485576923076923,3
original,52,52,transitive_percolation,4,170000,1.0,0,0.8,1.0,A2,sis,99.69432710075235,17.298943242951115,-85.85517250639145,0.0,-85.85517250639145,-85.85517250639145,0.2631975867269985,3.426214479638009,0.15384615384615385,0.3076923076923077,0.020480151036378277,0.15625,0.03485576923076923,3
original,52,52,transitive_percolation,5,170000,1.0,0,0.2,1.0,A2,sis,100.61094269625758,20.565775524569723,-96.49778759134364,0.0,-96.49778759134364,-96.49778759134364,0.23906485671191555,3.5710108597285064,0.1346153846153846,0.25,0.017200438316235425,0.25,0.033052884615384616,3
original,52,52,transitive_percolation,5,170000,1.0,0,0.8,1.0,A2,sis,100.61094269625758,20.565775524569723,-84.15832227660181,0.0,-84.15832227660181,-84.15832227660181,0.23906485671191555,3.5710108597285064,0.1346153846153846,0.25,0.017200438316235425,0.25,0.033052884615384616,3
original,52,52,transitive_percolation,6,170000,1.0,0,0.2,1.0,A2,sis,88.83792132535461,7.245636346677658,-87.38879405601908,0.0,-87.38879405601908,-87.38879405601908,0.3431372549019608,2.9465764705882354,0.21153846153846154,0.23076923076923078,0.033595172394173874,0.1875,0.05829326923076923,3
original,52,52,transitive_percolation,6,170000,1.0,0,0.8,1.0,A2,sis,88.83792132535461,7.245636346677658,-83.04141224801249,0.0,-83.04141224801249,-83.04141224801249,0.3431372549019608,2.9465764705882354,0.21153846153846154,0.23076923076923078,0.033595172394173874,0.1875,0.05829326923076923,3
original,52,52,transitive_percolation,7,170000,1.0,0,0.2,1.0,A2,sis,97.2824382711707,11.68899505418107,-94.9446392603345,0.0,-94.9446392603345,-94.9446392603345,0.3054298642533937,3.172820814479638,0.15384615384615385,0.2692307692307692,0.028445558410069672,0.109375,0.055288461538461536,3
original,52,52,transitive_percolation,7,170000,1.0,0,0.8,1.0,A2,sis,97.2824382711707,11.68899505418107,-87.93124222782585,0.0,-87.93124222782585,-87.93124222782585,0.3054298642533937,3.172820814479638,0.15384615384615385,0.2692307692307692,0.028445558410069672,0.109375,0.055288461538461536,3
