n,gamma,variant,family,mean_score,std_score,mean_log_H,mean_penalty,count
22,0.1,A2_full,lorentzian_like_4d,-33.9737184741272,0.23833173844773667,38.050397821674935,40.76679347547729,4
22,0.1,A2_full,lorentzian_like_3d,-31.570055094159926,0.44408376295479346,33.08149604861589,15.11440954455956,4
22,0.1,A2_full,KR_like,-30.360610164152142,0.4951706344452587,31.21440227598085,8.53792111828706,4
22,0.1,A2_full,lorentzian_like_2d,-24.630209009959074,1.251948830222784,24.734776669724038,1.0456765976496492,4
22,0.3,A2_full,KR_like,-28.65302594049473,0.10871876283277113,31.21440227598085,8.53792111828706,4
22,0.3,A2_full,lorentzian_like_3d,-28.547173185248017,0.8974642004987751,33.08149604861589,15.11440954455956,4
22,0.3,A2_full,lorentzian_like_4d,-25.820359779031747,0.5935870333752844,38.050397821674935,40.76679347547729,4
22,0.3,A2_full,lorentzian_like_2d,-24.421073690429143,1.2162338884782076,24.734776669724038,1.0456765976496492,4
22,0.5,A2_full,KR_like,-26.94544171683732,0.3269496831192287,31.21440227598085,8.53792111828706,4
22,0.5,A2_full,lorentzian_like_3d,-25.524291276336104,2.0487246437051043,33.08149604861589,15.11440954455956,4
22,0.5,A2_full,lorentzian_like_2d,-24.21193837089921,1.1918068755942754,24.734776669724038,1.0456765976496492,4
22,0.5,A2_full,lorentzian_like_4d,-17.66700108393629,1.4167465678792457,38.050397821674935,40.76679347547729,4
22,0.7,A2_full,KR_like,-25.237857493179906,0.7283014038957701,31.21440227598085,8.53792111828706,4
22,0.7,A2_full,lorentzian_like_2d,-24.002803051369284,1.1793693845395066,24.734776669724038,1.0456765976496492,4
22,0.7,A2_full,lorentzian_like_3d,-22.501409367424195,3.220668007131938,33.08149604861589,15.11440954455956,4
22,0.7,A2_full,lorentzian_like_4d,-9.513642388840832,2.24082079421148,38.050397821674935,40.76679347547729,4
22,0.9,A2_full,lorentzian_like_2d,-23.793667731839353,1.1793008186670317,24.734776669724038,1.0456765976496492,4
22,0.9,A2_full,KR_like,-23.530273269522496,1.1324311406289762,31.21440227598085,8.53792111828706,4
22,0.9,A2_full,lorentzian_like_3d,-19.478527458512282,4.396786466328864,33.08149604861589,15.11440954455956,4
22,0.9,A2_full,lorentzian_like_4d,-1.3602836937453695,3.065072029938306,38.050397821674935,40.76679347547729,4
22,1.1,A2_full,lorentzian_like_2d,-23.58453241230942,1.1916033131343322,24.734776669724038,1.0456765976496492,4
22,1.1,A2_full,KR_like,-21.822689045865083,1.5371493601276525,31.21440227598085,8.53792111828706,4
22,1.1,A2_full,lorentzian_like_3d,-16.45564554960037,5.574438009406245,33.08149604861589,15.11440954455956,4
22,1.1,A2_full,lorentzian_like_4d,6.793075001350088,3.8893877395312844,38.050397821674935,40.76679347547729,4
22,1.5,A2_full,lorentzian_like_2d,-23.166261773249563,1.2514966254583675,24.734776669724038,1.0456765976496492,4
22,1.5,A2_full,KR_like,-18.40752059855026,2.347133449692367,31.21440227598085,8.53792111828706,4
22,1.5,A2_full,lorentzian_like_3d,-10.409881731776546,7.931608419282083,33.08149604861589,15.11440954455956,4
22,1.5,A2_full,lorentzian_like_4d,23.099792391541,5.538097420245364,38.050397821674935,40.76679347547729,4
22,1.9,A2_full,lorentzian_like_2d,-22.747991134189704,1.35273359837479,24.734776669724038,1.0456765976496492,4
22,1.9,A2_full,KR_like,-14.992352151235437,3.1573794135150055,31.21440227598085,8.53792111828706,4
22,1.9,A2_full,lorentzian_like_3d,-4.3641179139527235,10.289842632446005,33.08149604861589,15.11440954455956,4
22,1.9,A2_full,lorentzian_like_4d,39.40650978173191,7.186851603790557,38.050397821674935,40.76679347547729,4
26,0.1,A2_full,lorentzian_like_4d,-43.57199884477493,1.10807005740922,46.870038358723406,32.9803951394848,4
26,0.1,A2_full,lorentzian_like_3d,-40.351633789835475,1.3159395504727787,41.646723209498475,12.950894196629989,4
26,0.1,A2_full,KR_like,-39.02264340179871,0.2604063092030039,40.10818102016634,10.855376183676361,4
26,0.1,A2_full,lorentzian_like_2d,-31.603661952832674,1.5298259936631846,31.668917180634104,0.6525522780142763,4
26,0.3,A2_full,lorentzian_like_3d,-37.76145495050948,0.6515136804759052,41.646723209498475,12.950894196629989,4
26,0.3,A2_full,lorentzian_like_4d,-36.97591981687797,0.7347289408170078,46.870038358723406,32.9803951394848,4
26,0.3,A2_full,KR_like,-36.85156816506344,0.33597372242367063,40.10818102016634,10.855376183676361,4
26,0.3,A2_full,lorentzian_like_2d,-31.47315149722982,1.6558955016883725,31.668917180634104,0.6525522780142763,4
26,0.5,A2_full,lorentzian_like_3d,-35.17127611118348,0.307715854506231,41.646723209498475,12.950894196629989,4
26,0.5,A2_full,KR_like,-34.680492928328164,0.4225399703920181,40.10818102016634,10.855376183676361,4
26,0.5,A2_full,lorentzian_like_2d,-31.342641041626965,1.782457860443462,31.668917180634104,0.6525522780142763,4
26,0.5,A2_full,lorentzian_like_4d,-30.37984078898101,2.1324679470052166,46.870038358723406,32.9803951394848,4
26,0.7,A2_full,lorentzian_like_3d,-32.58109727185748,0.861599567258604,41.646723209498475,12.950894196629989,4
26,0.7,A2_full,KR_like,-32.509417691592894,0.5145838115717788,40.10818102016634,10.855376183676361,4
26,0.7,A2_full,lorentzian_like_2d,-31.21213058602411,1.9094150691042153,31.668917180634104,0.6525522780142763,4
26,0.7,A2_full,lorentzian_like_4d,-23.78376176108405,3.640137090511637,46.870038358723406,32.9803951394848,4
26,0.9,A2_full,lorentzian_like_2d,-31.081620130421253,2.036693290141773,31.668917180634104,0.6525522780142763,4
26,0.9,A2_full,KR_like,-30.33834245485762,0.6096291986263265,40.10818102016634,10.855376183676361,4
26,0.9,A2_full,lorentzian_like_3d,-29.990918432531487,1.5386566795111893,41.646723209498475,12.950894196629989,4
26,0.9,A2_full,lorentzian_like_4d,-17.18768273318709,5.162302015052565,46.870038358723406,32.9803951394848,4
26,1.1,A2_full,lorentzian_like_2d,-30.951109674818397,2.1642358883022474,31.668917180634104,0.6525522780142763,4
26,1.1,A2_full,KR_like,-28.167267218122348,0.7064657165333615,40.10818102016634,10.855376183676361,4
26,1.1,A2_full,lorentzian_like_3d,-27.400739593205486,2.2293543317353266,41.646723209498475,12.950894196629989,4
26,1.1,A2_full,lorentzian_like_4d,-10.591603705290126,6.689074055181057,46.870038358723406,32.9803951394848,4
26,1.5,A2_full,lorentzian_like_2d,-30.69008876361269,2.4199469280939336,31.668917180634104,0.6525522780142763,4
26,1.5,A2_full,KR_like,-23.8251167446518,0.9032000169812826,40.10818102016634,10.855376183676361,4
26,1.5,A2_full,lorentzian_like_3d,-22.220381914553492,3.6204241246334417,41.646723209498475,12.950894196629989,4
26,1.5,A2_full,lorentzian_like_4d,2.600554350503792,9.74777757493509,46.870038358723406,32.9803951394848,4
26,1.9,A2_full,lorentzian_like_2d,-30.429067852406977,2.676293027650338,31.668917180634104,0.6525522780142763,4
26,1.9,A2_full,KR_like,-19.48296627118126,1.102191401366257,40.10818102016634,10.855376183676361,4
26,1.9,A2_full,lorentzian_like_3d,-17.040024235901498,5.01544655356853,41.646723209498475,12.950894196629989,4
26,1.9,A2_full,lorentzian_like_4d,15.792712406297708,12.809253133647255,46.870038358723406,32.9803951394848,4
30,0.1,A2_full,lorentzian_like_4d,-53.72452580428161,0.5060320776528388,56.85985434880024,31.353285445186323,4
30,0.1,A2_full,lorentzian_like_3d,-48.962948430992974,1.2902525267440024,50.22539934940984,12.624509184168655,4
30,0.1,A2_full,KR_like,-48.213652942456676,0.14503608514432498,49.38818243088103,11.745294884243535,4
30,0.1,A2_full,lorentzian_like_2d,-36.54604120819864,1.5483638552926935,36.59907340555916,0.530321973605228,4
30,0.3,A2_full,lorentzian_like_4d,-47.45386871524435,0.693943620647041,56.85985434880024,31.353285445186323,4
30,0.3,A2_full,lorentzian_like_3d,-46.438046594159246,0.8196322583446447,50.22539934940984,12.624509184168655,4
30,0.3,A2_full,KR_like,-45.86459396560797,0.12734843494335849,49.38818243088103,11.745294884243535,4
30,0.3,A2_full,lorentzian_like_2d,-36.43997681347759,1.566054847643963,36.59907340555916,0.530321973605228,4
30,0.5,A2_full,lorentzian_like_3d,-43.91314475732551,0.485051841751138,50.22539934940984,12.624509184168655,4
30,0.5,A2_full,KR_like,-43.51553498875927,0.32871998330830543,49.38818243088103,11.745294884243535,4
30,0.5,A2_full,lorentzian_like_4d,-41.18321162620708,1.1406197238800022,56.85985434880024,31.353285445186323,4
30,0.5,A2_full,lorentzian_like_2d,-36.33391241875655,1.5840710468661776,36.59907340555916,0.530321973605228,4
30,0.7,A2_full,lorentzian_like_3d,-41.388242920491784,0.595975111536011,50.22539934940984,12.624509184168655,4
30,0.7,A2_full,KR_like,-41.16647601191056,0.5445668706642626,49.38818243088103,11.745294884243535,4
30,0.7,A2_full,lorentzian_like_2d,-36.2278480240355,1.602401483851192,36.59907340555916,0.530321973605228,4
30,0.7,A2_full,lorentzian_like_4d,-34.91255453716982,1.64755433331218,56.85985434880024,31.353285445186323,4
30,0.9,A2_full,lorentzian_like_3d,-38.86334108365805,1.0156427384034727,50.22539934940984,12.624509184168655,4
30,0.9,A2_full,KR_like,-38.81741703506185,0.7626967755793146,49.38818243088103,11.745294884243535,4
30,0.9,A2_full,lorentzian_like_2d,-36.12178362931446,1.621035498567368,36.59907340555916,0.530321973605228,4
30,0.9,A2_full,lorentzian_like_4d,-28.64189744813255,2.172975731289166,56.85985434880024,31.353285445186323,4
30,1.1,A2_full,KR_like,-36.46835805821315,0.9815888711615769,49.38818243088103,11.745294884243535,4
30,1.1,A2_full,lorentzian_like_3d,-36.33843924682432,1.5047613779899551,50.22539934940984,12.624509184168655,4
30,1.1,A2_full,lorentzian_like_2d,-36.01571923459341,1.6399627428758397,36.59907340555916,0.530321973605228,4
30,1.1,A2_full,lorentzian_like_4d,-22.37124035909528,2.7061371172155915,56.85985434880024,31.353285445186323,4
30,1.5,A2_full,lorentzian_like_2d,-35.80359044515132,1.6786570923050945,36.59907340555916,0.530321973605228,4
30,1.5,A2_full,KR_like,-31.770240104515732,1.4202494604723872,49.38818243088103,11.745294884243535,4
30,1.5,A2_full,lorentzian_like_3d,-31.28863557315686,2.5296557971943043,50.22539934940984,12.624509184168655,4
30,1.5,A2_full,lorentzian_like_4d,-9.829926181020756,3.7825634424957406,56.85985434880024,31.353285445186323,4
30,1.9,A2_full,lorentzian_like_2d,-35.59146165570923,1.71840799056118,36.59907340555916,0.530321973605228,4
30,1.9,A2_full,KR_like,-27.07212215081832,1.8593892896799709,49.38818243088103,11.745294884243535,4
30,1.9,A2_full,lorentzian_like_3d,-26.238831899489398,3.5720780053542938,50.22539934940984,12.624509184168655,4
30,1.9,A2_full,lorentzian_like_4d,2.7113879970537695,4.865003553874934,56.85985434880024,31.353285445186323,4
38,0.1,A2_full,lorentzian_like_4d,-77.67396712239935,2.0123100601820845,82.2695554487974,45.95588326398059,4
38,0.1,A2_full,lorentzian_like_3d,-69.07694787670428,1.8724961966966773,70.91474608153445,18.37798204830171,4
38,0.1,A2_full,KR_like,-68.60310419428893,0.4623659457219653,69.888821982844,12.857177885550502,4
38,0.1,A2_full,lorentzian_like_2d,-53.28218653367703,2.6674485959832372,53.36441078690652,0.8222425322949194,4
38,0.3,A2_full,lorentzian_like_4d,-68.48279046960323,1.5279854938660185,82.2695554487974,45.95588326398059,4
38,0.3,A2_full,KR_like,-66.03166861717884,0.3713324914126895,69.888821982844,12.857177885550502,4
38,0.3,A2_full,lorentzian_like_3d,-65.40135146704394,0.9852860555624787,70.91474608153445,18.37798204830171,4
38,0.3,A2_full,lorentzian_like_2d,-53.117738027218046,2.6828840459455603,53.36441078690652,0.8222425322949194,4
38,0.5,A2_full,KR_like,-63.46023304006874,0.2865037273274101,69.888821982844,12.857177885550502,4
38,0.5,A2_full,lorentzian_like_3d,-61.725755057383594,0.3011343021804681,70.91474608153445,18.37798204830171,4
38,0.5,A2_full,lorentzian_like_4d,-59.291613816807114,1.8747481958637964,82.2695554487974,45.95588326398059,4
38,0.5,A2_full,lorentzian_like_2d,-52.95328952075906,2.6999512355839945,53.36441078690652,0.8222425322949194,4
38,0.7,A2_full,KR_like,-60.888797462958635,0.2153415137510796,69.888821982844,12.857177885550502,4
38,0.7,A2_full,lorentzian_like_3d,-58.05015864772325,0.930549180127042,70.91474608153445,18.37798204830171,4
38,0.7,A2_full,lorentzian_like_2d,-52.788841014300075,2.718619433433074,53.36441078690652,0.8222425322949194,4
38,0.7,A2_full,lorentzian_like_4d,-50.10043716401099,2.7548530203259047,82.2695554487974,45.95588326398059,4
38,0.9,A2_full,KR_like,-58.31736188584854,0.17535838872170104,69.888821982844,12.857177885550502,4
38,0.9,A2_full,lorentzian_like_3d,-54.37456223806291,1.8156289095908438,70.91474608153445,18.37798204830171,4
38,0.9,A2_full,lorentzian_like_2d,-52.624392507841094,2.7388559019989493,53.36441078690652,0.8222425322949194,4
38,0.9,A2_full,lorentzian_like_4d,-40.90926051121487,3.8155396429047372,82.2695554487974,45.95588326398059,4
38,1.1,A2_full,KR_like,-55.74592630873843,0.18767039357313034,69.888821982844,12.857177885550502,4
38,1.1,A2_full,lorentzian_like_2d,-52.459944001382105,2.760626153385322,53.36441078690652,0.8222425322949194,4
38,1.1,A2_full,lorentzian_like_3d,-50.698965828402564,2.7170648777808877,70.91474608153445,18.37798204830171,4
38,1.1,A2_full,lorentzian_like_4d,-31.71808385841875,4.941868432772274,82.2695554487974,45.95588326398059,4
38,1.5,A2_full,lorentzian_like_2d,-52.131046988464135,2.808622831341805,53.36441078690652,0.8222425322949194,4
38,1.5,A2_full,KR_like,-50.60305515451824,0.3231600940967418,69.888821982844,12.857177885550502,4
38,1.5,A2_full,lorentzian_like_3d,-43.347773009081884,4.5299390648872935,70.91474608153445,18.37798204830171,4
38,1.5,A2_full,lorentzian_like_4d,-13.335730552826519,7.268650837615045,82.2695554487974,45.95588326398059,4
38,1.9,A2_full,lorentzian_like_2d,-51.80214997554617,2.862308154929893,53.36441078690652,0.8222425322949194,4
38,1.9,A2_full,KR_like,-45.460184000298035,0.5039928341978372,69.888821982844,12.857177885550502,4
38,1.9,A2_full,lorentzian_like_3d,-35.996580189761204,6.346624372152458,70.91474608153445,18.37798204830171,4
38,1.9,A2_full,lorentzian_like_4d,5.046622752765714,9.63446310598526,82.2695554487974,45.95588326398059,4
42,0.1,A2_full,lorentzian_like_4d,-88.03760742111125,1.6259154137052196,92.22802983790163,41.904224167903884,4
42,0.1,A2_full,lorentzian_like_3d,-79.22722239420412,1.910433676852416,80.88813316131174,16.60910767107623,4
42,0.1,A2_full,KR_like,-79.10439259110365,0.23525695489660048,80.55775724076588,14.533646496622278,4
42,0.1,A2_full,lorentzian_like_2d,-58.31269620744791,2.5056039667469543,58.40429229531607,0.9159608786816238,4
42,0.3,A2_full,lorentzian_like_4d,-79.65676258753047,1.7068742628296447,92.22802983790163,41.904224167903884,4
42,0.3,A2_full,KR_like,-76.1976632917792,0.13497016169438197,80.55775724076588,14.533646496622278,4
42,0.3,A2_full,lorentzian_like_3d,-75.90540085998887,1.6172173999556232,80.88813316131174,16.60910767107623,4
42,0.3,A2_full,lorentzian_like_2d,-58.12950403171158,2.5694119221301115,58.40429229531607,0.9159608786816238,4
42,0.5,A2_full,KR_like,-73.29093399245474,0.09556051075726726,80.55775724076588,14.533646496622278,4
42,0.5,A2_full,lorentzian_like_3d,-72.58357932577363,1.7854427349914752,80.88813316131174,16.60910767107623,4
42,0.5,A2_full,lorentzian_like_4d,-71.2759177539497,2.6428067499758163,92.22802983790163,41.904224167903884,4
42,0.5,A2_full,lorentzian_like_2d,-57.94631185597525,2.6374939951922114,58.40429229531607,0.9159608786816238,4
42,0.7,A2_full,KR_like,-70.38420469313029,0.1676020132109625,80.55775724076588,14.533646496622278,4
42,0.7,A2_full,lorentzian_like_3d,-69.26175779155838,2.3166781730088704,80.88813316131174,16.60910767107623,4
42,0.7,A2_full,lorentzian_like_4d,-62.895072920368925,3.85442917153069,92.22802983790163,41.904224167903884,4
42,0.7,A2_full,lorentzian_like_2d,-57.76311968023893,2.709528018945348,58.40429229531607,0.9159608786816238,4
42,0.9,A2_full,KR_like,-67.47747539380583,0.27403068331180785,80.55775724076588,14.533646496622278,4
42,0.9,A2_full,lorentzian_like_3d,-65.93993625734313,3.0253872662528325,80.88813316131174,16.60910767107623,4
42,0.9,A2_full,lorentzian_like_2d,-57.579927504502606,2.7852073814905,58.40429229531607,0.9159608786816238,4
42,0.9,A2_full,lorentzian_like_4d,-54.514228086788144,5.150729065966996,92.22802983790163,41.904224167903884,4
42,1.1,A2_full,KR_like,-64.57074609448136,0.3874776805289632,80.55775724076588,14.533646496622278,4
42,1.1,A2_full,lorentzian_like_3d,-62.61811472312789,3.8138847413708086,80.88813316131174,16.60910767107623,4
42,1.1,A2_full,lorentzian_like_2d,-57.39673532876628,2.864243144716026,58.40429229531607,0.9159608786816238,4
42,1.1,A2_full,lorentzian_like_4d,-46.13338325320736,6.481094393362064,92.22802983790163,41.904224167903884,4
42,1.5,A2_full,KR_like,-58.75728749583246,0.619969756338989,80.55775724076588,14.533646496622278,4
42,1.5,A2_full,lorentzian_like_2d,-57.03035097729364,3.0313227715624236,58.40429229531607,0.9159608786816238,4
42,1.5,A2_full,lorentzian_like_3d,-55.974471654697396,5.491042643088418,80.88813316131174,16.60910767107623,4
42,1.5,A2_full,lorentzian_like_4d,-29.371693586045815,9.184623053837191,92.22802983790163,41.904224167903884,4
42,1.9,A2_full,lorentzian_like_2d,-56.66396662582098,3.208836073324768,58.40429229531607,0.9159608786816238,4
42,1.9,A2_full,KR_like,-52.94382889718355,0.8548456424601605,80.55775724076588,14.533646496622278,4
42,1.9,A2_full,lorentzian_like_3d,-49.330828586266904,7.223883666045476,80.88813316131174,16.60910767107623,4
42,1.9,A2_full,lorentzian_like_4d,-12.610003918884267,11.912798686898553,92.22802983790163,41.904224167903884,4
22,0.1,A2_replace_dim_with_consistency,lorentzian_like_4d,-37.328852100659844,0.6908025053783414,38.050397821674935,7.21545721015093,4
22,0.1,A2_replace_dim_with_consistency,lorentzian_like_3d,-32.920156713491096,0.9449301525787673,33.08149604861589,1.6133933512478689,4
22,0.1,A2_replace_dim_with_consistency,KR_like,-30.29426575442591,0.7979143843374626,31.21440227598085,9.201365215549357,4
22,0.1,A2_replace_dim_with_consistency,lorentzian_like_2d,-24.582417712613676,1.236138533807636,24.734776669724038,1.5235895711035976,4
22,0.3,A2_replace_dim_with_consistency,lorentzian_like_4d,-35.88576065862966,0.7789467860404041,38.050397821674935,7.21545721015093,4
22,0.3,A2_replace_dim_with_consistency,lorentzian_like_3d,-32.59747804324152,0.9041967356921361,33.08149604861589,1.6133933512478689,4
22,0.3,A2_replace_dim_with_consistency,KR_like,-28.45399271131604,1.0029516241737988,31.21440227598085,9.201365215549357,4
22,0.3,A2_replace_dim_with_consistency,lorentzian_like_2d,-24.27769979839296,1.1700733483029688,24.734776669724038,1.5235895711035976,4
22,0.5,A2_replace_dim_with_consistency,lorentzian_like_4d,-34.44266921659947,0.8678606930118148,38.050397821674935,7.21545721015093,4
22,0.5,A2_replace_dim_with_consistency,lorentzian_like_3d,-32.27479937299195,0.8713737014586818,33.08149604861589,1.6133933512478689,4
22,0.5,A2_replace_dim_with_consistency,KR_like,-26.61371966820617,1.2096155151602663,31.21440227598085,9.201365215549357,4
22,0.5,A2_replace_dim_with_consistency,lorentzian_like_2d,-23.97298188417224,1.117995163433763,24.734776669724038,1.5235895711035976,4
22,0.7,A2_replace_dim_with_consistency,lorentzian_like_4d,-32.99957777456929,0.9573298085894032,38.050397821674935,7.21545721015093,4
22,0.7,A2_replace_dim_with_consistency,lorentzian_like_3d,-31.952120702742377,0.8473807677337024,33.08149604861589,1.6133933512478689,4
22,0.7,A2_replace_dim_with_consistency,KR_like,-24.773446625096298,1.4171946115418947,31.21440227598085,9.201365215549357,4
22,0.7,A2_replace_dim_with_consistency,lorentzian_like_2d,-23.668263969951518,1.0819256489801843,24.734776669724038,1.5235895711035976,4
22,0.9,A2_replace_dim_with_consistency,lorentzian_like_3d,-31.629442032492804,0.8329813026892009,33.08149604861589,1.6133933512478689,4
22,0.9,A2_replace_dim_with_consistency,lorentzian_like_4d,-31.556486332539098,1.0472118387887395,38.050397821674935,7.21545721015093,4
22,0.9,A2_replace_dim_with_consistency,lorentzian_like_2d,-23.3635460557308,1.0634949053891312,24.734776669724038,1.5235895711035976,4
22,0.9,A2_replace_dim_with_consistency,KR_like,-22.933173581986427,1.6253382964274454,31.21440227598085,9.201365215549357,4
22,1.1,A2_replace_dim_with_consistency,lorentzian_like_3d,-31.30676336224323,0.828675559497395,33.08149604861589,1.6133933512478689,4
22,1.1,A2_replace_dim_with_consistency,lorentzian_like_4d,-30.113394890508914,1.1374088979480297,38.050397821674935,7.21545721015093,4
22,1.1,A2_replace_dim_with_consistency,lorentzian_like_2d,-23.05882814151008,1.0636202786068052,24.734776669724038,1.5235895711035976,4
22,1.1,A2_replace_dim_with_consistency,KR_like,-21.092900538876556,1.8338543363820712,31.21440227598085,9.201365215549357,4
22,1.5,A2_replace_dim_with_consistency,lorentzian_like_3d,-30.66140602174408,0.8505990765257166,33.08149604861589,1.6133933512478689,4
22,1.5,A2_replace_dim_with_consistency,lorentzian_like_4d,-27.227212006448543,1.318489291437461,38.050397821674935,7.21545721015093,4
22,1.5,A2_replace_dim_with_consistency,lorentzian_like_2d,-22.44939231306864,1.118591347113057,24.734776669724038,1.5235895711035976,4
22,1.5,A2_replace_dim_with_consistency,KR_like,-17.412354452656814,2.251589536457456,31.21440227598085,9.201365215549357,4
22,1.9,A2_replace_dim_with_consistency,lorentzian_like_3d,-30.016048681244932,0.9102202940822668,33.08149604861589,1.6133933512478689,4
22,1.9,A2_replace_dim_with_consistency,lorentzian_like_4d,-24.341029122388168,1.5002084501580226,38.050397821674935,7.21545721015093,4
22,1.9,A2_replace_dim_with_consistency,lorentzian_like_2d,-21.8399564846272,1.2371089783195943,24.734776669724038,1.5235895711035976,4
22,1.9,A2_replace_dim_with_consistency,KR_like,-13.731808366437072,2.6698954488585307,31.21440227598085,9.201365215549357,4
26,0.1,A2_replace_dim_with_consistency,lorentzian_like_4d,-46.306641476916944,1.7291688963588958,46.870038358723406,5.633968818064675,4
26,0.1,A2_replace_dim_with_consistency,lorentzian_like_3d,-41.30018044078996,1.5955476712325403,41.646723209498475,3.46542768708517,4
26,0.1,A2_replace_dim_with_consistency,KR_like,-39.06917322435272,0.23354152790109117,40.10818102016634,10.39007795813625,4
26,0.1,A2_replace_dim_with_consistency,lorentzian_like_2d,-31.5300808691747,1.4661116885381662,31.668917180634104,1.388363114594046,4
26,0.3,A2_replace_dim_with_consistency,lorentzian_like_4d,-45.17984771330401,1.621939937264526,46.870038358723406,5.633968818064675,4
26,0.3,A2_replace_dim_with_consistency,lorentzian_like_3d,-40.607094903372925,1.5022108539361523,41.646723209498475,3.46542768708517,4
26,0.3,A2_replace_dim_with_consistency,KR_like,-36.99115763272547,0.24080095348246466,40.10818102016634,10.39007795813625,4
26,0.3,A2_replace_dim_with_consistency,lorentzian_like_2d,-31.25240824625589,1.466289030172116,31.668917180634104,1.388363114594046,4
26,0.5,A2_replace_dim_with_consistency,lorentzian_like_4d,-44.05305394969107,1.6449718104055797,46.870038358723406,5.633968818064675,4
26,0.5,A2_replace_dim_with_consistency,lorentzian_like_3d,-39.91400936595589,1.45997817558466,41.646723209498475,3.46542768708517,4
26,0.5,A2_replace_dim_with_consistency,KR_like,-34.91314204109822,0.24882032299127993,40.10818102016634,10.39007795813625,4
26,0.5,A2_replace_dim_with_consistency,lorentzian_like_2d,-30.974735623337082,1.4691114618449845,31.668917180634104,1.388363114594046,4
26,0.7,A2_replace_dim_with_consistency,lorentzian_like_4d,-42.92626018607814,1.793252453766936,46.870038358723406,5.633968818064675,4
26,0.7,A2_replace_dim_with_consistency,lorentzian_like_3d,-39.22092382853886,1.473251112904843,41.646723209498475,3.46542768708517,4
26,0.7,A2_replace_dim_with_consistency,KR_like,-32.83512644947098,0.2575286528925182,40.10818102016634,10.39007795813625,4
26,0.7,A2_replace_dim_with_consistency,lorentzian_like_2d,-30.69706300041827,1.4745637949006807,31.668917180634104,1.388363114594046,4
26,0.9,A2_replace_dim_with_consistency,lorentzian_like_4d,-41.7994664224652,2.0396459197198897,46.870038358723406,5.633968818064675,4
26,0.9,A2_replace_dim_with_consistency,lorentzian_like_3d,-38.527838291121824,1.540595714377755,41.646723209498475,3.46542768708517,4
26,0.9,A2_replace_dim_with_consistency,KR_like,-30.75711085784372,0.2668585036672358,40.10818102016634,10.39007795813625,4
26,0.9,A2_replace_dim_with_consistency,lorentzian_like_2d,-30.41939037749946,1.482617015188291,31.668917180634104,1.388363114594046,4
26,1.1,A2_replace_dim_with_consistency,lorentzian_like_4d,-40.672672658852264,2.3535368282004074,46.870038358723406,5.633968818064675,4
26,1.1,A2_replace_dim_with_consistency,lorentzian_like_3d,-37.83475275370479,1.655425991590921,41.646723209498475,3.46542768708517,4
26,1.1,A2_replace_dim_with_consistency,lorentzian_like_2d,-30.141717754580654,1.4932290423127148,31.668917180634104,1.388363114594046,4
26,1.1,A2_replace_dim_with_consistency,KR_like,-28.67909526621647,0.2767470232723927,40.10818102016634,10.39007795813625,4
26,1.5,A2_replace_dim_with_consistency,lorentzian_like_4d,-38.419085131626396,3.098521078895083,46.870038358723406,5.633968818064675,4
26,1.5,A2_replace_dim_with_consistency,lorentzian_like_3d,-36.44858167887072,1.9916165709196847,41.646723209498475,3.46542768708517,4
26,1.5,A2_replace_dim_with_consistency,lorentzian_like_2d,-29.586372508743036,1.5219025207699242,31.668917180634104,1.388363114594046,4
26,1.5,A2_replace_dim_with_consistency,KR_like,-24.523064082961973,0.29797453362083376,40.10818102016634,10.39007795813625,4
26,1.9,A2_replace_dim_with_consistency,lorentzian_like_4d,-36.16549760440053,3.9243911867862633,46.870038358723406,5.633968818064675,4
26,1.9,A2_replace_dim_with_consistency,lorentzian_like_3d,-35.06241060403665,2.418423638955062,41.646723209498475,3.46542768708517,4
26,1.9,A2_replace_dim_with_consistency,lorentzian_like_2d,-29.03102726290542,1.5600324724155599,31.668917180634104,1.388363114594046,4
26,1.9,A2_replace_dim_with_consistency,KR_like,-20.367032899707475,0.3208126095556473,40.10818102016634,10.39007795813625,4
30,0.1,A2_replace_dim_with_consistency,lorentzian_like_4d,-56.33315298368708,0.5326183696354344,56.85985434880024,5.2670136511316255,4
30,0.1,A2_replace_dim_with_consistency,lorentzian_like_3d,-49.93156665894736,1.4597091811747687,50.22539934940984,2.938326904624758,4
30,0.1,A2_replace_dim_with_consistency,KR_like,-48.31022732918628,0.2648651446238862,49.38818243088103,10.779551016947545,4
30,0.1,A2_replace_dim_with_consistency,lorentzian_like_2d,-36.48340289352402,1.5166280572824664,36.59907340555916,1.1567051203513738,4
30,0.3,A2_replace_dim_with_consistency,lorentzian_like_4d,-55.279750253460755,0.4190217914222949,56.85985434880024,5.2670136511316255,4
30,0.3,A2_replace_dim_with_consistency,lorentzian_like_3d,-49.343901278022415,1.3012389756176457,50.22539934940984,2.938326904624758,4
30,0.3,A2_replace_dim_with_consistency,KR_like,-46.15431712579677,0.30665310140268903,49.38818243088103,10.779551016947545,4
30,0.3,A2_replace_dim_with_consistency,lorentzian_like_2d,-36.25206186945375,1.4729113842671158,36.59907340555916,1.1567051203513738,4
30,0.5,A2_replace_dim_with_consistency,lorentzian_like_4d,-54.22634752323442,0.37817422489317404,56.85985434880024,5.2670136511316255,4
30,0.5,A2_replace_dim_with_consistency,lorentzian_like_3d,-48.75623589709746,1.1445660797120518,50.22539934940984,2.938326904624758,4
30,0.5,A2_replace_dim_with_consistency,KR_like,-43.99840692240726,0.34908657322251035,49.38818243088103,10.779551016947545,4
30,0.5,A2_replace_dim_with_consistency,lorentzian_like_2d,-36.02072084538348,1.432514608292142,36.59907340555916,1.1567051203513738,4
30,0.7,A2_replace_dim_with_consistency,lorentzian_like_4d,-53.1729447930081,0.4312676381709019,56.85985434880024,5.2670136511316255,4
30,0.7,A2_replace_dim_with_consistency,lorentzian_like_3d,-48.16857051617251,0.9905436946893258,50.22539934940984,2.938326904624758,4
30,0.7,A2_replace_dim_with_consistency,KR_like,-41.84249671901775,0.39195596417157325,49.38818243088103,10.779551016947545,4
30,0.7,A2_replace_dim_with_consistency,lorentzian_like_2d,-35.789379821313204,1.3957260244534235,36.59907340555916,1.1567051203513738,4
30,0.9,A2_replace_dim_with_consistency,lorentzian_like_4d,-52.119542062781775,0.5518218514762073,56.85985434880024,5.2670136511316255,4
30,0.9,A2_replace_dim_with_consistency,lorentzian_like_3d,-47.58090513524756,0.8406299854576595,50.22539934940984,2.938326904624758,4
30,0.9,A2_replace_dim_with_consistency,KR_like,-39.68658651562825,0.43513245263504535,49.38818243088103,10.779551016947545,4
30,0.9,A2_replace_dim_with_consistency,lorentzian_like_2d,-35.55803879724292,1.3628378637982455,36.59907340555916,1.1567051203513738,4
30,1.1,A2_replace_dim_with_consistency,lorentzian_like_4d,-51.06613933255545,0.7060895725564127,56.85985434880024,5.2670136511316255,4
30,1.1,A2_replace_dim_with_consistency,lorentzian_like_3d,-46.99323975432261,0.6974793150429107,50.22539934940984,2.938326904624758,4
30,1.1,A2_replace_dim_with_consistency,KR_like,-37.53067631223873,0.4785329205643062,49.38818243088103,10.779551016947545,4
30,1.1,A2_replace_dim_with_consistency,lorentzian_like_2d,-35.326697773172654,1.3341386082290057,36.59907340555916,1.1567051203513738,4
30,1.5,A2_replace_dim_with_consistency,lorentzian_like_4d,-48.9593338721028,1.0551262426387291,56.85985434880024,5.2670136511316255,4
30,1.5,A2_replace_dim_with_consistency,lorentzian_like_3d,-45.8179089924727,0.45730145761665314,50.22539934940984,2.938326904624758,4
30,1.5,A2_replace_dim_with_consistency,lorentzian_like_2d,-34.864015725032104,1.2903844457353326,36.59907340555916,1.1567051203513738,4
30,1.5,A2_replace_dim_with_consistency,KR_like,-33.21885590545972,0.5657993984110378,49.38818243088103,10.779551016947545,4
30,1.9,A2_replace_dim_with_consistency,lorentzian_like_4d,-46.852528411650155,1.424843319817858,56.85985434880024,5.2670136511316255,4
30,1.9,A2_replace_dim_with_consistency,lorentzian_like_3d,-44.6425782306228,0.38615864067184624,50.22539934940984,2.938326904624758,4
30,1.9,A2_replace_dim_with_consistency,lorentzian_like_2d,-34.401333676891554,1.2663134330891028,36.59907340555916,1.1567051203513738,4
30,1.9,A2_replace_dim_with_consistency,KR_like,-28.9070354986807,0.6534792172557105,49.38818243088103,10.779551016947545,4
38,0.1,A2_replace_dim_with_consistency,lorentzian_like_4d,-81.39369048500009,2.454213050599892,82.2695554487974,8.758649637973132,4
38,0.1,A2_replace_dim_with_consistency,lorentzian_like_3d,-70.52623073782642,2.321240747343994,70.91474608153445,3.8851534370802714,4
38,0.1,A2_replace_dim_with_consistency,KR_like,-68.62573674646279,0.530051717874478,69.888821982844,12.630852363811982,4
38,0.1,A2_replace_dim_with_consistency,lorentzian_like_2d,-53.29144395956875,2.6717345886394828,53.36441078690652,0.7296682733776916,4
38,0.3,A2_replace_dim_with_consistency,lorentzian_like_4d,-79.64196055740547,2.474191721784743,82.2695554487974,8.758649637973132,4
38,0.3,A2_replace_dim_with_consistency,lorentzian_like_3d,-69.74920005041037,2.3195896029720964,70.91474608153445,3.8851534370802714,4
38,0.3,A2_replace_dim_with_consistency,KR_like,-66.09956627370039,0.5729650197969187,69.888821982844,12.630852363811982,4
38,0.3,A2_replace_dim_with_consistency,lorentzian_like_2d,-53.14551030489321,2.6945390889695897,53.36441078690652,0.7296682733776916,4
38,0.5,A2_replace_dim_with_consistency,lorentzian_like_4d,-77.89023062981084,2.503753426966763,82.2695554487974,8.758649637973132,4
38,0.5,A2_replace_dim_with_consistency,lorentzian_like_3d,-68.97216936299432,2.319509268922668,70.91474608153445,3.8851534370802714,4
38,0.5,A2_replace_dim_with_consistency,KR_like,-63.573395800937995,0.6171644207621153,69.888821982844,12.630852363811982,4
38,0.5,A2_replace_dim_with_consistency,lorentzian_like_2d,-52.99957665021767,2.7173943097974442,53.36441078690652,0.7296682733776916,4
38,0.7,A2_replace_dim_with_consistency,lorentzian_like_4d,-76.13850070221622,2.542563930058354,82.2695554487974,8.758649637973132,4
38,0.7,A2_replace_dim_with_consistency,lorentzian_like_3d,-68.19513867557826,2.320999908301561,70.91474608153445,3.8851534370802714,4
38,0.7,A2_replace_dim_with_consistency,KR_like,-61.0472253281756,0.6623925185665601,69.888821982844,12.630852363811982,4
38,0.7,A2_replace_dim_with_consistency,lorentzian_like_2d,-52.85364299554213,2.740298982033893,53.36441078690652,0.7296682733776916,4
38,0.9,A2_replace_dim_with_consistency,lorentzian_like_4d,-74.3867707746216,2.5902075249497094,82.2695554487974,8.758649637973132,4
38,0.9,A2_replace_dim_with_consistency,lorentzian_like_3d,-67.4181079881622,2.3240584982674926,70.91474608153445,3.8851534370802714,4
38,0.9,A2_replace_dim_with_consistency,KR_like,-58.521054855413205,0.708452322394264,69.888821982844,12.630852363811982,4
38,0.9,A2_replace_dim_with_consistency,lorentzian_like_2d,-52.7077093408666,2.763251875966871,53.36441078690652,0.7296682733776916,4
38,1.1,A2_replace_dim_with_consistency,lorentzian_like_4d,-72.63504084702696,2.6462071488575356,82.2695554487974,8.758649637973132,4
38,1.1,A2_replace_dim_with_consistency,lorentzian_like_3d,-66.64107730074615,2.3286788605813835,70.91474608153445,3.8851534370802714,4
38,1.1,A2_replace_dim_with_consistency,KR_like,-55.99488438265081,0.755191668130184,69.888821982844,12.630852363811982,4
38,1.1,A2_replace_dim_with_consistency,lorentzian_like_2d,-52.561775686191055,2.786251799858524,53.36441078690652,0.7296682733776916,4
38,1.5,A2_replace_dim_with_consistency,lorentzian_like_4d,-69.13158099183771,2.781180951473855,82.2695554487974,8.758649637973132,4
38,1.5,A2_replace_dim_with_consistency,lorentzian_like_3d,-65.08701592591405,2.3425648145493128,70.91474608153445,3.8851534370802714,4
38,1.5,A2_replace_dim_with_consistency,lorentzian_like_2d,-52.26990837683998,2.8323881523939636,53.36441078690652,0.7296682733776916,4
38,1.5,A2_replace_dim_with_consistency,KR_like,-50.94254343712602,0.8502592162345477,69.888821982844,12.630852363811982,4
38,1.9,A2_replace_dim_with_consistency,lorentzian_like_4d,-65.62812113664845,2.9431780389508613,82.2695554487974,8.758649637973132,4
38,1.9,A2_replace_dim_with_consistency,lorentzian_like_3d,-63.532954551081936,2.362548327182625,70.91474608153445,3.8851534370802714,4
38,1.9,A2_replace_dim_with_consistency,lorentzian_like_2d,-51.9780410674889,2.8786992152283757,53.36441078690652,0.7296682733776916,4
38,1.9,A2_replace_dim_with_consistency,KR_like,-45.89020249160122,0.9469121850459867,69.888821982844,12.630852363811982,4
42,0.1,A2_replace_dim_with_consistency,lorentzian_like_4d,-91.53330637211516,1.956491047846309,92.22802983790163,6.947234657864722,4
42,0.1,A2_replace_dim_with_consistency,lorentzian_like_3d,-80.61769478255604,2.173025146837479,80.88813316131174,2.704383787556873,4
42,0.1,A2_replace_dim_with_consistency,KR_like,-79.19394890896831,0.2998112175194166,80.55775724076588,13.638083317975696,4
42,0.1,A2_replace_dim_with_consistency,lorentzian_like_2d,-58.29011756041463,2.50266537546439,58.40429229531607,1.1417473490143721,4
42,0.3,A2_replace_dim_with_consistency,lorentzian_like_4d,-90.14385944054222,1.9141822734496923,92.22802983790163,6.947234657864722,4
42,0.3,A2_replace_dim_with_consistency,lorentzian_like_3d,-80.07681802504467,2.1582023347337196,80.88813316131174,2.704383787556873,4
42,0.3,A2_replace_dim_with_consistency,KR_like,-76.46633224537317,0.31952024478117763,80.55775724076588,13.638083317975696,4
42,0.3,A2_replace_dim_with_consistency,lorentzian_like_2d,-58.06176809061176,2.558036196724159,58.40429229531607,1.1417473490143721,4
42,0.5,A2_replace_dim_with_consistency,lorentzian_like_4d,-88.75441250896927,1.8882247840466055,92.22802983790163,6.947234657864722,4
42,0.5,A2_replace_dim_with_consistency,lorentzian_like_3d,-79.5359412675333,2.152800303640767,80.88813316131174,2.704383787556873,4
42,0.5,A2_replace_dim_with_consistency,KR_like,-73.73871558177802,0.3406092025435027,80.55775724076588,13.638083317975696,4
42,0.5,A2_replace_dim_with_consistency,lorentzian_like_2d,-57.833418620808885,2.6144851727212544,58.40429229531607,1.1417473490143721,4
42,0.7,A2_replace_dim_with_consistency,lorentzian_like_4d,-87.36496557739633,1.8792962506212783,92.22802983790163,6.947234657864722,4
42,0.7,A2_replace_dim_with_consistency,lorentzian_like_3d,-78.99506451002193,2.1568898390750104,80.88813316131174,2.704383787556873,4
42,0.7,A2_replace_dim_with_consistency,KR_like,-71.0110989181829,0.3628375562801661,80.55775724076588,13.638083317975696,4
42,0.7,A2_replace_dim_with_consistency,lorentzian_like_2d,-57.605069151006006,2.6719439712376256,58.40429229531607,1.1417473490143721,4
42,0.9,A2_replace_dim_with_consistency,lorentzian_like_4d,-85.97551864582339,1.887638329639195,92.22802983790163,6.947234657864722,4
42,0.9,A2_replace_dim_with_consistency,lorentzian_like_3d,-78.45418775251055,2.1704172892091322,80.88813316131174,2.704383787556873,4
42,0.9,A2_replace_dim_with_consistency,KR_like,-68.28348225458775,0.38600851932975755,80.55775724076588,13.638083317975696,4
42,0.9,A2_replace_dim_with_consistency,lorentzian_like_2d,-57.376719681203134,2.730348839418237,58.40429229531607,1.1417473490143721,4
42,1.1,A2_replace_dim_with_consistency,lorentzian_like_4d,-84.58607171425044,1.913025099903136,92.22802983790163,6.947234657864722,4
42,1.1,A2_replace_dim_with_consistency,lorentzian_like_3d,-77.91331099499918,2.1932080251390538,80.88813316131174,2.704383787556873,4
42,1.1,A2_replace_dim_with_consistency,KR_like,-65.55586559099261,0.4099622947304915,80.55775724076588,13.638083317975696,4
42,1.1,A2_replace_dim_with_consistency,lorentzian_like_2d,-57.148370211400255,2.789640356178095,58.40429229531607,1.1417473490143721,4
42,1.5,A2_replace_dim_with_consistency,lorentzian_like_4d,-81.80717785110456,2.0119208935168604,92.22802983790163,6.947234657864722,4
42,1.5,A2_replace_dim_with_consistency,lorentzian_like_3d,-76.83155747997642,2.2653477235378237,80.88813316131174,2.704383787556873,4
42,1.5,A2_replace_dim_with_consistency,KR_like,-60.10063226380233,0.45972509109792475,80.55775724076588,13.638083317975696,4
42,1.5,A2_replace_dim_with_consistency,lorentzian_like_2d,-56.69167127179451,2.910665796326338,58.40429229531607,1.1417473490143721,4
42,1.9,A2_replace_dim_with_consistency,lorentzian_like_4d,-79.02828398795867,2.1670801425720385,92.22802983790163,6.947234657864722,4
42,1.9,A2_replace_dim_with_consistency,lorentzian_like_3d,-75.74980396495368,2.370040163987941,80.88813316131174,2.704383787556873,4
42,1.9,A2_replace_dim_with_consistency,lorentzian_like_2d,-56.23497233218876,3.034622014138311,58.40429229531607,1.1417473490143721,4
42,1.9,A2_replace_dim_with_consistency,KR_like,-54.645398936612054,0.5113563543169178,80.55775724076588,13.638083317975696,4
22,0.1,A2_replace_dim_with_multi_consistency,lorentzian_like_4d,-37.282095053131684,0.6923157899880029,38.050397821674935,7.683027685432491,4
22,0.1,A2_replace_dim_with_multi_consistency,lorentzian_like_3d,-32.90465409452306,0.9384255577254267,33.08149604861589,1.7684195409282575,4
22,0.1,A2_replace_dim_with_multi_consistency,KR_like,-30.264663928089973,0.8094406151919173,31.21440227598085,9.497383478908759,4
22,0.1,A2_replace_dim_with_multi_consistency,lorentzian_like_2d,-24.57844503826491,1.2345695653125812,24.734776669724038,1.5633163145912565,4
22,0.3,A2_replace_dim_with_multi_consistency,lorentzian_like_4d,-35.74548951604519,0.7827687662966525,38.050397821674935,7.683027685432491,4
22,0.3,A2_replace_dim_with_multi_consistency,lorentzian_like_3d,-32.55097018633741,0.8857100757845184,33.08149604861589,1.7684195409282575,4
22,0.3,A2_replace_dim_with_multi_consistency,KR_like,-28.36518723230822,1.0380599566229471,31.21440227598085,9.497383478908759,4
22,0.3,A2_replace_dim_with_multi_consistency,lorentzian_like_2d,-24.26578177534666,1.1653752666244357,24.734776669724038,1.5633163145912565,4
22,0.5,A2_replace_dim_with_multi_consistency,lorentzian_like_4d,-34.20888397895869,0.8732772055210976,38.050397821674935,7.683027685432491,4
22,0.5,A2_replace_dim_with_multi_consistency,lorentzian_like_3d,-32.19728627815176,0.8427612128758974,33.08149604861589,1.7684195409282575,4
22,0.5,A2_replace_dim_with_multi_consistency,KR_like,-26.46571053652647,1.2686177573533237,31.21440227598085,9.497383478908759,4
22,0.5,A2_replace_dim_with_multi_consistency,lorentzian_like_2d,-23.95311851242841,1.1102800278029517,24.734776669724038,1.5633163145912565,4
22,0.7,A2_replace_dim_with_multi_consistency,lorentzian_like_4d,-32.672278441872194,0.9638254829823476,38.050397821674935,7.683027685432491,4
22,0.7,A2_replace_dim_with_multi_consistency,lorentzian_like_3d,-31.843602369966103,0.8111318623613438,33.08149604861589,1.7684195409282575,4
22,0.7,A2_replace_dim_with_multi_consistency,KR_like,-24.566233840744715,1.500220561019842,31.21440227598085,9.497383478908759,4
22,0.7,A2_replace_dim_with_multi_consistency,lorentzian_like_2d,-23.640455249510158,1.0714610099441564,24.734776669724038,1.5633163145912565,4
22,0.9,A2_replace_dim_with_multi_consistency,lorentzian_like_3d,-31.489918461780455,0.7921790498210567,33.08149604861589,1.7684195409282575,4
22,0.9,A2_replace_dim_with_multi_consistency,lorentzian_like_4d,-31.135672904785693,1.0544033352469262,38.050397821674935,7.683027685432491,4
22,0.9,A2_replace_dim_with_multi_consistency,lorentzian_like_2d,-23.327791986591905,1.0507237406365455,24.734776669724038,1.5633163145912565,4
22,0.9,A2_replace_dim_with_multi_consistency,KR_like,-22.666757144962965,1.7324493140774941,31.21440227598085,9.497383478908759,4
22,1.1,A2_replace_dim_with_multi_consistency,lorentzian_like_3d,-31.1362345535948,0.7868193620144935,33.08149604861589,1.7684195409282575,4
22,1.1,A2_replace_dim_with_multi_consistency,lorentzian_like_4d,-29.599067367699195,1.1450037436112621,38.050397821674935,7.683027685432491,4
22,1.1,A2_replace_dim_with_multi_consistency,lorentzian_like_2d,-23.015128723673655,1.0491409772086047,24.734776669724038,1.5633163145912565,4
22,1.1,A2_replace_dim_with_multi_consistency,KR_like,-20.76728044918121,1.9650821094027702,31.21440227598085,9.497383478908759,4
22,1.5,A2_replace_dim_with_multi_consistency,lorentzian_like_3d,-30.428866737223498,0.8172709276950735,33.08149604861589,1.7684195409282575,4
22,1.5,A2_replace_dim_with_multi_consistency,lorentzian_like_4d,-26.5258562935262,1.3262537371116216,38.050397821674935,7.683027685432491,4
22,1.5,A2_replace_dim_with_multi_consistency,lorentzian_like_2d,-22.389802197837152,1.102770962051051,24.734776669724038,1.5633163145912565,4
22,1.5,A2_replace_dim_with_multi_consistency,KR_like,-16.968327057617707,2.4310957135638414,31.21440227598085,9.497383478908759,4
22,1.9,A2_replace_dim_with_multi_consistency,lorentzian_like_3d,-29.721498920852195,0.8969259058483012,33.08149604861589,1.7684195409282575,4
22,1.9,A2_replace_dim_with_multi_consistency,lorentzian_like_4d,-23.452645219353204,1.5075495907605732,38.050397821674935,7.683027685432491,4
22,1.9,A2_replace_dim_with_multi_consistency,lorentzian_like_2d,-21.76447567200065,1.222395071114436,24.734776669724038,1.5633163145912565,4
22,1.9,A2_replace_dim_with_multi_consistency,KR_like,-13.169373666054204,2.8977056004963018,31.21440227598085,9.497383478908759,4
26,0.1,A2_replace_dim_with_multi_consistency,lorentzian_like_4d,-46.27839773478384,1.7151580470596515,46.870038358723406,5.916406239395684,4
26,0.1,A2_replace_dim_with_multi_consistency,lorentzian_like_3d,-41.283002722188016,1.5873675453333016,41.646723209498475,3.6372048731045616,4
26,0.1,A2_replace_dim_with_multi_consistency,KR_like,-39.02185357344516,0.2445145326509373,40.10818102016634,10.863274467211777,4
26,0.1,A2_replace_dim_with_multi_consistency,lorentzian_like_2d,-31.523458850350696,1.4675765490567276,31.668917180634104,1.4545833028340769,4
26,0.3,A2_replace_dim_with_multi_consistency,lorentzian_like_4d,-45.0951164869047,1.5990879611546096,46.870038358723406,5.916406239395684,4
26,0.3,A2_replace_dim_with_multi_consistency,lorentzian_like_3d,-40.555561747567104,1.4781742294649212,41.646723209498475,3.6372048731045616,4
26,0.3,A2_replace_dim_with_multi_consistency,KR_like,-36.849198680002814,0.2735053280832248,40.10818102016634,10.863274467211777,4
26,0.3,A2_replace_dim_with_multi_consistency,lorentzian_like_2d,-31.232542189783878,1.4702109132207044,31.668917180634104,1.4545833028340769,4
26,0.5,A2_replace_dim_with_multi_consistency,lorentzian_like_4d,-43.911835239025564,1.6437353225068405,46.870038358723406,5.916406239395684,4
26,0.5,A2_replace_dim_with_multi_consistency,lorentzian_like_3d,-39.82812077294619,1.4222956276419718,41.646723209498475,3.6372048731045616,4
26,0.5,A2_replace_dim_with_multi_consistency,KR_like,-34.67654378656046,0.30290242706850057,40.10818102016634,10.863274467211777,4
26,0.5,A2_replace_dim_with_multi_consistency,lorentzian_like_2d,-30.941625529217063,1.4748525230656389,31.668917180634104,1.4545833028340769,4
26,0.7,A2_replace_dim_with_multi_consistency,lorentzian_like_4d,-42.728553991146434,1.8374214636916195,46.870038358723406,5.916406239395684,4
26,0.7,A2_replace_dim_with_multi_consistency,lorentzian_like_3d,-39.10067979832528,1.4260130165055414,41.646723209498475,3.6372048731045616,4
26,0.7,A2_replace_dim_with_multi_consistency,KR_like,-32.5038888931181,0.33259811211090134,40.10818102016634,10.863274467211777,4
26,0.7,A2_replace_dim_with_multi_consistency,lorentzian_like_2d,-30.65070886865025,1.4814825121008788,31.668917180634104,1.4545833028340769,4
26,0.9,A2_replace_dim_with_multi_consistency,lorentzian_like_4d,-41.54527274326729,2.140055555784387,46.870038358723406,5.916406239395684,4
26,0.9,A2_replace_dim_with_multi_consistency,lorentzian_like_3d,-38.37323882370437,1.4888800707765308,41.646723209498475,3.6372048731045616,4
26,0.9,A2_replace_dim_with_multi_consistency,lorentzian_like_2d,-30.359792208083434,1.4900743390704363,31.668917180634104,1.4545833028340769,4
26,0.9,A2_replace_dim_with_multi_consistency,KR_like,-30.331233999675746,0.36251901475254494,40.10818102016634,10.863274467211777,4
26,1.1,A2_replace_dim_with_multi_consistency,lorentzian_like_4d,-40.36199149538815,2.5125736308183004,46.870038358723406,5.916406239395684,4
26,1.1,A2_replace_dim_with_multi_consistency,lorentzian_like_3d,-37.64579784908346,1.6039566945981871,41.646723209498475,3.6372048731045616,4
26,1.1,A2_replace_dim_with_multi_consistency,lorentzian_like_2d,-30.06887554751662,1.5005943061598939,31.668917180634104,1.4545833028340769,4
26,1.1,A2_replace_dim_with_multi_consistency,KR_like,-28.15857910623339,0.39261364718543434,40.10818102016634,10.863274467211777,4
26,1.5,A2_replace_dim_with_multi_consistency,lorentzian_like_4d,-37.99542899962988,3.371618031844061,46.870038358723406,5.916406239395684,4
26,1.5,A2_replace_dim_with_multi_consistency,lorentzian_like_3d,-36.190915899841634,1.949997671117465,41.646723209498475,3.6372048731045616,4
26,1.5,A2_replace_dim_with_multi_consistency,lorentzian_like_2d,-29.48704222638299,1.5272519908022861,31.668917180634104,1.4545833028340769,4
26,1.5,A2_replace_dim_with_multi_consistency,KR_like,-23.813269319348677,0.45318548059205266,40.10818102016634,10.863274467211777,4
26,1.9,A2_replace_dim_with_multi_consistency,lorentzian_like_4d,-35.62886650387161,4.305863832305001,46.870038358723406,5.916406239395684,4
26,1.9,A2_replace_dim_with_multi_consistency,lorentzian_like_3d,-34.736033950599804,2.392269767583657,41.646723209498475,3.6372048731045616,4
26,1.9,A2_replace_dim_with_multi_consistency,lorentzian_like_2d,-28.905208905249356,1.5610690403857526,31.668917180634104,1.4545833028340769,4
26,1.9,A2_replace_dim_with_multi_consistency,KR_like,-19.46795953246397,0.5141170253642074,40.10818102016634,10.863274467211777,4
30,0.1,A2_replace_dim_with_multi_consistency,lorentzian_like_4d,-56.31266123701995,0.5409521302253194,56.85985434880024,5.471931117802903,4
30,0.1,A2_replace_dim_with_multi_consistency,lorentzian_like_3d,-49.92316524515059,1.4597337766276002,50.22539934940984,3.022341042592509,4
30,0.1,A2_replace_dim_with_multi_consistency,KR_like,-48.24879969204664,0.2679841485626099,49.38818243088103,11.393827388343974,4
30,0.1,A2_replace_dim_with_multi_consistency,lorentzian_like_2d,-36.48018125262398,1.5160577190618312,36.59907340555916,1.1889215293518227,4
30,0.3,A2_replace_dim_with_multi_consistency,lorentzian_like_4d,-55.21827501345937,0.45157933055912536,56.85985434880024,5.471931117802903,4
30,0.3,A2_replace_dim_with_multi_consistency,lorentzian_like_3d,-49.31869703663209,1.3014523312191053,50.22539934940984,3.022341042592509,4
30,0.3,A2_replace_dim_with_multi_consistency,KR_like,-45.97003421437784,0.3159990098218997,49.38818243088103,11.393827388343974,4
30,0.3,A2_replace_dim_with_multi_consistency,lorentzian_like_2d,-36.242396946753615,1.4713275167387536,36.59907340555916,1.1889215293518227,4
30,0.5,A2_replace_dim_with_multi_consistency,lorentzian_like_4d,-54.123888789898785,0.43904834255557723,56.85985434880024,5.471931117802903,4
30,0.5,A2_replace_dim_with_multi_consistency,lorentzian_like_3d,-48.71422882811358,1.1452176568743824,50.22539934940984,3.022341042592509,4
30,0.5,A2_replace_dim_with_multi_consistency,KR_like,-43.69126873670905,0.3646219125043929,49.38818243088103,11.393827388343974,4
30,0.5,A2_replace_dim_with_multi_consistency,lorentzian_like_2d,-36.00461264088325,1.43010562711782,36.59907340555916,1.1889215293518227,4
30,0.7,A2_replace_dim_with_multi_consistency,lorentzian_like_4d,-53.02950256633821,0.5090656864619892,56.85985434880024,5.471931117802903,4
30,0.7,A2_replace_dim_with_multi_consistency,lorentzian_like_3d,-48.109760619595086,0.9919972944374036,50.22539934940984,3.022341042592509,4
30,0.7,A2_replace_dim_with_multi_consistency,KR_like,-41.41250325904025,0.4136384876805521,49.38818243088103,11.393827388343974,4
30,0.7,A2_replace_dim_with_multi_consistency,lorentzian_like_2d,-35.76682833501289,1.3927036070647898,36.59907340555916,1.1889215293518227,4
30,0.9,A2_replace_dim_with_multi_consistency,lorentzian_like_4d,-51.935116342777626,0.63488358766382,56.85985434880024,5.471931117802903,4
30,0.9,A2_replace_dim_with_multi_consistency,lorentzian_like_3d,-47.50529241107658,0.8434356063733862,50.22539934940984,3.022341042592509,4
30,0.9,A2_replace_dim_with_multi_consistency,KR_like,-39.13373778137146,0.46292370045752684,49.38818243088103,11.393827388343974,4
30,0.9,A2_replace_dim_with_multi_consistency,lorentzian_like_2d,-35.529044029142526,1.3594367799806875,36.59907340555916,1.1889215293518227,4
30,1.1,A2_replace_dim_with_multi_consistency,lorentzian_like_4d,-50.84073011921705,0.7902856049279856,56.85985434880024,5.471931117802903,4
30,1.1,A2_replace_dim_with_multi_consistency,lorentzian_like_3d,-46.900824202558084,0.7024944493722443,50.22539934940984,3.022341042592509,4
30,1.1,A2_replace_dim_with_multi_consistency,KR_like,-36.85497230370267,0.512400039951476,49.38818243088103,11.393827388343974,4
30,1.1,A2_replace_dim_with_multi_consistency,lorentzian_like_2d,-35.291259723272155,1.330615334953354,36.59907340555916,1.1889215293518227,4
30,1.5,A2_replace_dim_with_multi_consistency,lorentzian_like_4d,-48.65195767209589,1.1402343112090458,56.85985434880024,5.471931117802903,4
30,1.5,A2_replace_dim_with_multi_consistency,lorentzian_like_3d,-45.691887785521075,0.47127235025907016,50.22539934940984,3.022341042592509,4
30,1.5,A2_replace_dim_with_multi_consistency,lorentzian_like_2d,-34.81569111153143,1.2874572454873565,36.59907340555916,1.1889215293518227,4
30,1.5,A2_replace_dim_with_multi_consistency,KR_like,-32.297441348365076,0.6117404527765716,49.38818243088103,11.393827388343974,4
30,1.9,A2_replace_dim_with_multi_consistency,lorentzian_like_4d,-46.46318522497472,1.5119182234628068,56.85985434880024,5.471931117802903,4
30,1.9,A2_replace_dim_with_multi_consistency,lorentzian_like_3d,-44.48295136848407,0.4121360968549181,50.22539934940984,3.022341042592509,4
30,1.9,A2_replace_dim_with_multi_consistency,lorentzian_like_2d,-34.340122499790695,1.2651680936404677,36.59907340555916,1.1889215293518227,4
30,1.9,A2_replace_dim_with_multi_consistency,KR_like,-27.739910393027486,0.7114172758330276,49.38818243088103,11.393827388343974,4
38,0.1,A2_replace_dim_with_multi_consistency,lorentzian_like_4d,-81.37147247046867,2.4457688081021582,82.2695554487974,8.980829783287351,4
38,0.1,A2_replace_dim_with_multi_consistency,lorentzian_like_3d,-70.51118175531877,2.3179668723644338,70.91474608153445,4.03564326215675,4
38,0.1,A2_replace_dim_with_multi_consistency,KR_like,-68.54489422121955,0.5322844066740414,69.888821982844,13.439277616244443,4
38,0.1,A2_replace_dim_with_multi_consistency,lorentzian_like_2d,-53.28776529177971,2.669465161786626,53.36441078690652,0.7664549512680265,4
38,0.3,A2_replace_dim_with_multi_consistency,lorentzian_like_4d,-79.5753065138112,2.4504167917836845,82.2695554487974,8.980829783287351,4
38,0.3,A2_replace_dim_with_multi_consistency,lorentzian_like_3d,-69.70405310288743,2.3099445454424745,70.91474608153445,4.03564326215675,4
38,0.3,A2_replace_dim_with_multi_consistency,KR_like,-65.85703869797067,0.5797100073578536,69.888821982844,13.439277616244443,4
38,0.3,A2_replace_dim_with_multi_consistency,lorentzian_like_2d,-53.13447430152611,2.6877475192658697,53.36441078690652,0.7664549512680265,4
38,0.5,A2_replace_dim_with_multi_consistency,lorentzian_like_4d,-77.77914055715374,2.466858391284793,82.2695554487974,8.980829783287351,4
38,0.5,A2_replace_dim_with_multi_consistency,lorentzian_like_3d,-68.89692445045607,2.30374125429002,70.91474608153445,4.03564326215675,4
38,0.5,A2_replace_dim_with_multi_consistency,KR_like,-63.169183174721766,0.6284492990591358,69.888821982844,13.439277616244443,4
38,0.5,A2_replace_dim_with_multi_consistency,lorentzian_like_2d,-52.9811833112725,2.7061027136337343,53.36441078690652,0.7664549512680265,4
38,0.7,A2_replace_dim_with_multi_consistency,lorentzian_like_4d,-75.98297460049626,2.4948604510624945,82.2695554487974,8.980829783287351,4
38,0.7,A2_replace_dim_with_multi_consistency,lorentzian_like_3d,-68.08979579802472,2.2993717212477724,70.91474608153445,4.03564326215675,4
38,0.7,A2_replace_dim_with_multi_consistency,KR_like,-60.48132765147288,0.6782191210512657,69.888821982844,13.439277616244443,4
38,0.7,A2_replace_dim_with_multi_consistency,lorentzian_like_2d,-52.82789232101889,2.724529272781009,53.36441078690652,0.7664549512680265,4
38,0.9,A2_replace_dim_with_multi_consistency,lorentzian_like_4d,-74.18680864383879,2.534039758237055,82.2695554487974,8.980829783287351,4
38,0.9,A2_replace_dim_with_multi_consistency,lorentzian_like_3d,-67.28266714559338,2.2968464119936383,70.91474608153445,4.03564326215675,4
38,0.9,A2_replace_dim_with_multi_consistency,KR_like,-57.79347212822399,0.7288083812949429,69.888821982844,13.439277616244443,4
38,0.9,A2_replace_dim_with_multi_consistency,lorentzian_like_2d,-52.67460133076529,2.7430257585072138,53.36441078690652,0.7664549512680265,4
38,1.1,A2_replace_dim_with_multi_consistency,lorentzian_like_4d,-72.39064268718133,2.583887923421442,82.2695554487974,8.980829783287351,4
38,1.1,A2_replace_dim_with_multi_consistency,lorentzian_like_3d,-66.47553849316202,2.296171411319281,70.91474608153445,4.03564326215675,4
38,1.1,A2_replace_dim_with_multi_consistency,KR_like,-55.105616604975104,0.7800576664237872,69.888821982844,13.439277616244443,4
38,1.1,A2_replace_dim_with_multi_consistency,lorentzian_like_2d,-52.52131034051169,2.7615907657573495,53.36441078690652,0.7664549512680265,4
38,1.5,A2_replace_dim_with_multi_consistency,lorentzian_like_4d,-68.79831077386638,2.713113865107364,82.2695554487974,8.980829783287351,4
38,1.5,A2_replace_dim_with_multi_consistency,lorentzian_like_3d,-64.86128118829933,2.3003743860679453,70.91474608153445,4.03564326215675,4
38,1.5,A2_replace_dim_with_multi_consistency,lorentzian_like_2d,-52.21472836000448,2.798920885832035,53.36441078690652,0.7664549512680265,4
38,1.5,A2_replace_dim_with_multi_consistency,KR_like,-49.72990555847733,0.8840758185765306,69.888821982844,13.439277616244443,4
38,1.9,A2_replace_dim_with_multi_consistency,lorentzian_like_4d,-65.20597886055144,2.8771268312293006,82.2695554487974,8.980829783287351,4
38,1.9,A2_replace_dim_with_multi_consistency,lorentzian_like_3d,-63.247023883436626,2.311940269606125,70.91474608153445,4.03564326215675,4
38,1.9,A2_replace_dim_with_multi_consistency,lorentzian_like_2d,-51.90814637949727,2.836509027155063,53.36441078690652,0.7664549512680265,4
38,1.9,A2_replace_dim_with_multi_consistency,KR_like,-44.35419451197955,0.9895865026844647,69.888821982844,13.439277616244443,4
42,0.1,A2_replace_dim_with_multi_consistency,lorentzian_like_4d,-91.4869469449996,1.9531479001125103,92.22802983790163,7.4108289290204175,4
42,0.1,A2_replace_dim_with_multi_consistency,lorentzian_like_3d,-80.60425594019783,2.168413111878078,80.88813316131174,2.83877221113912,4
42,0.1,A2_replace_dim_with_multi_consistency,KR_like,-79.10720105653908,0.3019590239270691,80.55775724076588,14.50556184226802,4
42,0.1,A2_replace_dim_with_multi_consistency,lorentzian_like_2d,-58.28688266814814,2.50200726201534,58.40429229531607,1.174096271679316,4
42,0.3,A2_replace_dim_with_multi_consistency,lorentzian_like_4d,-90.00478115919552,1.903353866092987,92.22802983790163,7.4108289290204175,4
42,0.3,A2_replace_dim_with_multi_consistency,lorentzian_like_3d,-80.03650149797,2.1447352970133764,80.88813316131174,2.83877221113912,4
42,0.3,A2_replace_dim_with_multi_consistency,KR_like,-76.20608868808547,0.3258899843855066,80.55775724076588,14.50556184226802,4
42,0.3,A2_replace_dim_with_multi_consistency,lorentzian_like_2d,-58.05206341381228,2.5560341281012966,58.40429229531607,1.174096271679316,4
42,0.5,A2_replace_dim_with_multi_consistency,lorentzian_like_4d,-88.52261537339143,1.868944234045601,92.22802983790163,7.4108289290204175,4
42,0.5,A2_replace_dim_with_multi_consistency,lorentzian_like_3d,-79.46874705574217,2.1310804914772756,80.88813316131174,2.83877221113912,4
42,0.5,A2_replace_dim_with_multi_consistency,KR_like,-73.30497631963186,0.35107812418408907,80.55775724076588,14.50556184226802,4
42,0.5,A2_replace_dim_with_multi_consistency,lorentzian_like_2d,-57.81724415947641,2.611105487041558,58.40429229531607,1.174096271679316,4
42,0.7,A2_replace_dim_with_multi_consistency,lorentzian_like_4d,-87.04044958758735,1.8507772829050524,92.22802983790163,7.4108289290204175,4
42,0.7,A2_replace_dim_with_multi_consistency,lorentzian_like_3d,-78.90099261351435,2.1276416814080514,80.88813316131174,2.83877221113912,4
42,0.7,A2_replace_dim_with_multi_consistency,KR_like,-70.40386395117827,0.3772717246289308,80.55775724076588,14.50556184226802,4
42,0.7,A2_replace_dim_with_multi_consistency,lorentzian_like_2d,-57.58242490514055,2.66715663966281,58.40429229531607,1.174096271679316,4
42,0.9,A2_replace_dim_with_multi_consistency,lorentzian_like_4d,-85.55828380178326,1.8493317556367328,92.22802983790163,7.4108289290204175,4
42,0.9,A2_replace_dim_with_multi_consistency,lorentzian_like_3d,-78.33323817128652,2.1344682438922566,80.88813316131174,2.83877221113912,4
42,0.9,A2_replace_dim_with_multi_consistency,KR_like,-67.50275158272466,0.4042753970926154,80.55775724076588,14.50556184226802,4
42,0.9,A2_replace_dim_with_multi_consistency,lorentzian_like_2d,-57.34760565080468,2.7241271064572574,58.40429229531607,1.174096271679316,4
42,1.1,A2_replace_dim_with_multi_consistency,lorentzian_like_4d,-84.07611801597918,1.8646465414226447,92.22802983790163,7.4108289290204175,4
42,1.1,A2_replace_dim_with_multi_consistency,lorentzian_like_3d,-77.7654837290587,2.151462465467125,80.88813316131174,2.83877221113912,4
42,1.1,A2_replace_dim_with_multi_consistency,KR_like,-64.60163921427105,0.4319372370499378,80.55775724076588,14.50556184226802,4
42,1.1,A2_replace_dim_with_multi_consistency,lorentzian_like_2d,-57.11278639646882,2.7819604093825436,58.40429229531607,1.174096271679316,4
42,1.5,A2_replace_dim_with_multi_consistency,lorentzian_like_4d,-81.111786444371,1.9435396729002548,92.22802983790163,7.4108289290204175,4
42,1.5,A2_replace_dim_with_multi_consistency,lorentzian_like_3d,-76.62997484460305,2.214877951897585,80.88813316131174,2.83877221113912,4
42,1.5,A2_replace_dim_with_multi_consistency,KR_like,-58.79941447736385,0.488785995667142,80.55775724076588,14.50556184226802,4
42,1.5,A2_replace_dim_with_multi_consistency,lorentzian_like_2d,-56.6431478877971,2.9000082759609462,58.40429229531607,1.174096271679316,4
42,1.9,A2_replace_dim_with_multi_consistency,lorentzian_like_4d,-78.14745487276284,2.0800710944606644,92.22802983790163,7.4108289290204175,4
42,1.9,A2_replace_dim_with_multi_consistency,lorentzian_like_3d,-75.49446596014741,2.314636025151571,80.88813316131174,2.83877221113912,4
42,1.9,A2_replace_dim_with_multi_consistency,lorentzian_like_2d,-56.17350937912536,3.020919956620447,58.40429229531607,1.174096271679316,4
42,1.9,A2_replace_dim_with_multi_consistency,KR_like,-52.99718974045664,0.547137891791865,80.55775724076588,14.50556184226802,4
