metric,scope,alpha,win_rate_focus_vs_control,mean_gap_control_minus_focus
bd_ratio,16,-10.0,1.0,25.12743193042722
bd_ratio,16,-9.75,1.0,25.242964652071294
bd_ratio,16,-9.5,1.0,25.358497373715362
bd_ratio,16,-9.25,1.0,25.474030095359435
bd_ratio,16,-9.0,1.0,25.589562817003504
bd_ratio,16,-8.75,1.0,25.705095538647573
bd_ratio,16,-8.5,1.0,25.820628260291645
bd_ratio,16,-8.25,1.0,25.936160981935718
bd_ratio,16,-8.0,1.0,26.05169370357979
bd_ratio,16,-7.75,1.0,26.167226425223856
bd_ratio,16,-7.5,1.0,26.28275914686793
bd_ratio,16,-7.25,1.0,26.398291868511997
bd_ratio,16,-7.0,1.0,26.51382459015607
bd_ratio,16,-6.75,1.0,26.62935731180014
bd_ratio,16,-6.5,1.0,26.744890033444214
bd_ratio,16,-6.25,1.0,26.860422755088283
bd_ratio,16,-6.0,1.0,26.975955476732352
bd_ratio,16,-5.75,1.0,27.09148819837642
bd_ratio,16,-5.5,1.0,27.20702092002049
bd_ratio,16,-5.25,1.0,27.322553641664562
bd_ratio,16,-5.0,1.0,27.438086363308635
bd_ratio,16,-4.75,1.0,27.553619084952707
bd_ratio,16,-4.5,1.0,27.669151806596776
bd_ratio,16,-4.25,1.0,27.78468452824085
bd_ratio,16,-4.0,1.0,27.900217249884914
bd_ratio,16,-3.75,1.0,28.015749971528987
bd_ratio,16,-3.5,1.0,28.131282693173056
bd_ratio,16,-3.25,1.0,28.24681541481713
bd_ratio,16,-3.0,1.0,28.3623481364612
bd_ratio,16,-2.75,1.0,28.477880858105273
bd_ratio,16,-2.5,1.0,28.593413579749342
bd_ratio,16,-2.25,1.0,28.708946301393407
bd_ratio,16,-2.0,1.0,28.82447902303748
bd_ratio,16,-1.75,1.0,28.940011744681556
bd_ratio,16,-1.5,1.0,29.055544466325625
bd_ratio,16,-1.25,1.0,29.171077187969694
bd_ratio,16,-1.0,1.0,29.286609909613766
bd_ratio,16,-0.75,1.0,29.402142631257835
bd_ratio,16,-0.5,1.0,29.517675352901904
bd_ratio,16,-0.25,1.0,29.633208074545976
bd_ratio,16,0.0,1.0,29.74874079619005
bd_ratio,16,0.25,1.0,29.86427351783412
bd_ratio,16,0.5,1.0,29.979806239478187
bd_ratio,16,0.75,1.0,30.09533896112226
bd_ratio,16,1.0,1.0,30.21087168276633
bd_ratio,16,1.25,1.0,30.326404404410404
bd_ratio,16,1.5,1.0,30.44193712605447
bd_ratio,16,1.75,1.0,30.55746984769854
bd_ratio,16,2.0,1.0,30.673002569342614
bd_ratio,16,2.25,1.0,30.788535290986687
bd_ratio,16,2.5,1.0,30.904068012630752
bd_ratio,16,2.75,1.0,31.01960073427482
bd_ratio,16,3.0,1.0,31.135133455918893
bd_ratio,16,3.25,1.0,31.250666177562962
bd_ratio,16,3.5,1.0,31.366198899207035
bd_ratio,16,3.75,1.0,31.481731620851107
bd_ratio,16,4.0,1.0,31.59726434249518
bd_ratio,16,4.25,1.0,31.712797064139245
bd_ratio,16,4.5,1.0,31.828329785783318
bd_ratio,16,4.75,1.0,31.943862507427387
bd_ratio,16,5.0,1.0,32.059395229071455
bd_ratio,16,5.25,1.0,32.17492795071553
bd_ratio,16,5.5,1.0,32.2904606723596
bd_ratio,16,5.75,1.0,32.40599339400367
bd_ratio,16,6.0,1.0,32.521526115647745
bd_ratio,16,6.25,1.0,32.63705883729181
bd_ratio,16,6.5,1.0,32.75259155893588
bd_ratio,16,6.75,1.0,32.868124280579956
bd_ratio,16,7.0,1.0,32.98365700222402
bd_ratio,16,7.25,1.0,33.09918972386809
bd_ratio,16,7.5,1.0,33.214722445512166
bd_ratio,16,7.75,1.0,33.33025516715624
bd_ratio,16,8.0,1.0,33.445787888800304
bd_ratio,16,8.25,1.0,33.561320610444376
bd_ratio,16,8.5,1.0,33.67685333208845
bd_ratio,16,8.75,1.0,33.79238605373252
bd_ratio,16,9.0,1.0,33.907918775376594
bd_ratio,16,9.25,1.0,34.02345149702066
bd_ratio,16,9.5,1.0,34.13898421866473
bd_ratio,16,9.75,1.0,34.254516940308804
bd_ratio,16,10.0,1.0,34.370049661952876
bd_ratio,20,-10.0,1.0,22.05564523527552
bd_ratio,20,-9.75,1.0,22.172484075876582
bd_ratio,20,-9.5,1.0,22.28932291647765
bd_ratio,20,-9.25,1.0,22.406161757078717
bd_ratio,20,-9.0,1.0,22.523000597679786
bd_ratio,20,-8.75,1.0,22.639839438280852
bd_ratio,20,-8.5,1.0,22.756678278881914
bd_ratio,20,-8.25,1.0,22.873517119482983
bd_ratio,20,-8.0,1.0,22.990355960084052
bd_ratio,20,-7.75,1.0,23.10719480068511
bd_ratio,20,-7.5,1.0,23.22403364128618
bd_ratio,20,-7.25,1.0,23.340872481887246
bd_ratio,20,-7.0,1.0,23.457711322488308
bd_ratio,20,-6.75,1.0,23.574550163089377
bd_ratio,20,-6.5,1.0,23.691389003690443
bd_ratio,20,-6.25,1.0,23.80822784429151
bd_ratio,20,-6.0,1.0,23.925066684892577
bd_ratio,20,-5.75,1.0,24.041905525493647
bd_ratio,20,-5.5,1.0,24.158744366094705
bd_ratio,20,-5.25,1.0,24.275583206695774
bd_ratio,20,-5.0,1.0,24.39242204729684
bd_ratio,20,-4.75,1.0,24.509260887897906
bd_ratio,20,-4.5,1.0,24.62609972849897
bd_ratio,20,-4.25,1.0,24.742938569100037
bd_ratio,20,-4.0,1.0,24.859777409701103
bd_ratio,20,-3.75,1.0,24.976616250302172
bd_ratio,20,-3.5,1.0,25.093455090903237
bd_ratio,20,-3.25,1.0,25.210293931504296
bd_ratio,20,-3.0,1.0,25.32713277210537
bd_ratio,20,-2.75,1.0,25.443971612706434
bd_ratio,20,-2.5,1.0,25.5608104533075
bd_ratio,20,-2.25,1.0,25.677649293908566
bd_ratio,20,-2.0,1.0,25.79448813450963
bd_ratio,20,-1.75,1.0,25.911326975110697
bd_ratio,20,-1.5,1.0,26.028165815711766
bd_ratio,20,-1.25,1.0,26.145004656312828
bd_ratio,20,-1.0,1.0,26.261843496913894
bd_ratio,20,-0.75,1.0,26.37868233751496
bd_ratio,20,-0.5,1.0,26.49552117811603
bd_ratio,20,-0.25,1.0,26.61236001871709
bd_ratio,20,0.0,1.0,26.72919885931816
bd_ratio,20,0.25,1.0,26.84603769991923
bd_ratio,20,0.5,1.0,26.96287654052029
bd_ratio,20,0.75,1.0,27.07971538112136
bd_ratio,20,1.0,1.0,27.196554221722426
bd_ratio,20,1.25,1.0,27.313393062323488
bd_ratio,20,1.5,1.0,27.430231902924554
bd_ratio,20,1.75,1.0,27.547070743525623
bd_ratio,20,2.0,1.0,27.66390958412669
bd_ratio,20,2.25,1.0,27.780748424727754
bd_ratio,20,2.5,1.0,27.897587265328823
bd_ratio,20,2.75,1.0,28.014426105929886
bd_ratio,20,3.0,1.0,28.131264946530955
bd_ratio,20,3.25,1.0,28.24810378713202
bd_ratio,20,3.5,1.0,28.364942627733083
bd_ratio,20,3.75,1.0,28.481781468334148
bd_ratio,20,4.0,1.0,28.598620308935217
bd_ratio,20,4.25,1.0,28.715459149536287
bd_ratio,20,4.5,1.0,28.83229799013735
bd_ratio,20,4.75,1.0,28.94913683073841
bd_ratio,20,5.0,1.0,29.06597567133948
bd_ratio,20,5.25,1.0,29.182814511940546
bd_ratio,20,5.5,1.0,29.299653352541615
bd_ratio,20,5.75,1.0,29.416492193142677
bd_ratio,20,6.0,1.0,29.533331033743742
bd_ratio,20,6.25,1.0,29.65016987434481
bd_ratio,20,6.5,1.0,29.767008714945874
bd_ratio,20,6.75,1.0,29.883847555546943
bd_ratio,20,7.0,1.0,30.00068639614801
bd_ratio,20,7.25,1.0,30.117525236749074
bd_ratio,20,7.5,1.0,30.23436407735014
bd_ratio,20,7.75,1.0,30.35120291795121
bd_ratio,20,8.0,1.0,30.468041758552268
bd_ratio,20,8.25,1.0,30.584880599153337
bd_ratio,20,8.5,1.0,30.701719439754402
bd_ratio,20,8.75,1.0,30.818558280355468
bd_ratio,20,9.0,1.0,30.935397120956537
bd_ratio,20,9.25,1.0,31.052235961557603
bd_ratio,20,9.5,1.0,31.16907480215867
bd_ratio,20,9.75,1.0,31.285913642759734
bd_ratio,20,10.0,1.0,31.4027524833608
bd_ratio,28,-10.0,1.0,24.62278917446504
bd_ratio,28,-9.75,1.0,24.750668612099396
bd_ratio,28,-9.5,1.0,24.87854804973375
bd_ratio,28,-9.25,1.0,25.0064274873681
bd_ratio,28,-9.0,1.0,25.134306925002456
bd_ratio,28,-8.75,1.0,25.262186362636808
bd_ratio,28,-8.5,1.0,25.390065800271156
bd_ratio,28,-8.25,1.0,25.517945237905504
bd_ratio,28,-8.0,1.0,25.645824675539863
bd_ratio,28,-7.75,1.0,25.773704113174222
bd_ratio,28,-7.5,1.0,25.901583550808574
bd_ratio,28,-7.25,1.0,26.029462988442923
bd_ratio,28,-7.0,1.0,26.157342426077275
bd_ratio,28,-6.75,1.0,26.285221863711623
bd_ratio,28,-6.5,1.0,26.41310130134597
bd_ratio,28,-6.25,1.0,26.54098073898033
bd_ratio,28,-6.0,1.0,26.66886017661468
bd_ratio,28,-5.75,1.0,26.796739614249038
bd_ratio,28,-5.5,1.0,26.92461905188339
bd_ratio,28,-5.25,1.0,27.05249848951773
bd_ratio,28,-5.0,1.0,27.180377927152087
bd_ratio,28,-4.75,1.0,27.30825736478645
bd_ratio,28,-4.5,1.0,27.436136802420798
bd_ratio,28,-4.25,1.0,27.564016240055146
bd_ratio,28,-4.0,1.0,27.6918956776895
bd_ratio,28,-3.75,1.0,27.81977511532385
bd_ratio,28,-3.5,1.0,27.947654552958205
bd_ratio,28,-3.25,1.0,28.07553399059256
bd_ratio,28,-3.0,1.0,28.20341342822691
bd_ratio,28,-2.75,1.0,28.33129286586126
bd_ratio,28,-2.5,1.0,28.459172303495613
bd_ratio,28,-2.25,1.0,28.58705174112996
bd_ratio,28,-2.0,1.0,28.714931178764317
bd_ratio,28,-1.75,1.0,28.842810616398666
bd_ratio,28,-1.5,1.0,28.970690054033025
bd_ratio,28,-1.25,1.0,29.098569491667376
bd_ratio,28,-1.0,1.0,29.22644892930173
bd_ratio,28,-0.75,1.0,29.354328366936077
bd_ratio,28,-0.5,1.0,29.48220780457043
bd_ratio,28,-0.25,1.0,29.610087242204784
bd_ratio,28,0.0,1.0,29.73796667983914
bd_ratio,28,0.25,1.0,29.865846117473488
bd_ratio,28,0.5,1.0,29.993725555107844
bd_ratio,28,0.75,1.0,30.1216049927422
bd_ratio,28,1.0,1.0,30.249484430376544
bd_ratio,28,1.25,1.0,30.377363868010892
bd_ratio,28,1.5,1.0,30.505243305645244
bd_ratio,28,1.75,1.0,30.633122743279607
bd_ratio,28,2.0,1.0,30.76100218091396
bd_ratio,28,2.25,1.0,30.88888161854831
bd_ratio,28,2.5,1.0,31.016761056182663
bd_ratio,28,2.75,1.0,31.14464049381701
bd_ratio,28,3.0,1.0,31.272519931451363
bd_ratio,28,3.25,1.0,31.40039936908571
bd_ratio,28,3.5,1.0,31.528278806720067
bd_ratio,28,3.75,1.0,31.656158244354422
bd_ratio,28,4.0,1.0,31.784037681988767
bd_ratio,28,4.25,1.0,31.911917119623126
bd_ratio,28,4.5,1.0,32.039796557257475
bd_ratio,28,4.75,1.0,32.16767599489182
bd_ratio,28,5.0,1.0,32.295555432526186
bd_ratio,28,5.25,1.0,32.42343487016054
bd_ratio,28,5.5,1.0,32.55131430779488
bd_ratio,28,5.75,1.0,32.67919374542924
bd_ratio,28,6.0,1.0,32.80707318306359
bd_ratio,28,6.25,1.0,32.93495262069794
bd_ratio,28,6.5,1.0,33.0628320583323
bd_ratio,28,6.75,1.0,33.19071149596665
bd_ratio,28,7.0,1.0,33.318590933601
bd_ratio,28,7.25,1.0,33.44647037123535
bd_ratio,28,7.5,1.0,33.5743498088697
bd_ratio,28,7.75,1.0,33.70222924650405
bd_ratio,28,8.0,1.0,33.83010868413841
bd_ratio,28,8.25,1.0,33.957988121772765
bd_ratio,28,8.5,1.0,34.08586755940712
bd_ratio,28,8.75,1.0,34.21374699704147
bd_ratio,28,9.0,1.0,34.34162643467582
bd_ratio,28,9.25,1.0,34.469505872310165
bd_ratio,28,9.5,1.0,34.59738530994452
bd_ratio,28,9.75,1.0,34.725264747578876
bd_ratio,28,10.0,1.0,34.85314418521323
bd_ratio,36,-10.0,1.0,23.484192602649827
bd_ratio,36,-9.75,1.0,23.64681509927653
bd_ratio,36,-9.5,1.0,23.809437595903226
bd_ratio,36,-9.25,1.0,23.97206009252992
bd_ratio,36,-9.0,1.0,24.134682589156625
bd_ratio,36,-8.75,1.0,24.297305085783325
bd_ratio,36,-8.5,1.0,24.459927582410025
bd_ratio,36,-8.25,1.0,24.62255007903672
bd_ratio,36,-8.0,1.0,24.785172575663427
bd_ratio,36,-7.75,1.0,24.947795072290127
bd_ratio,36,-7.5,1.0,25.110417568916812
bd_ratio,36,-7.25,1.0,25.273040065543515
bd_ratio,36,-7.0,1.0,25.435662562170226
bd_ratio,36,-6.75,1.0,25.598285058796915
bd_ratio,36,-6.5,1.0,25.760907555423614
bd_ratio,36,-6.25,1.0,25.92353005205032
bd_ratio,36,-6.0,1.0,26.086152548677013
bd_ratio,36,-5.75,1.0,26.248775045303727
bd_ratio,36,-5.5,1.0,26.411397541930427
bd_ratio,36,-5.25,1.0,26.574020038557126
bd_ratio,36,-5.0,1.0,26.736642535183815
bd_ratio,36,-4.75,1.0,26.899265031810526
bd_ratio,36,-4.5,1.0,27.06188752843723
bd_ratio,36,-4.25,1.0,27.224510025063918
bd_ratio,36,-4.0,1.0,27.38713252169061
bd_ratio,36,-3.75,1.0,27.54975501831732
bd_ratio,36,-3.5,1.0,27.712377514944023
bd_ratio,36,-3.25,1.0,27.87500001157072
bd_ratio,36,-3.0,1.0,28.03762250819742
bd_ratio,36,-2.75,1.0,28.200245004824115
bd_ratio,36,-2.5,1.0,28.36286750145082
bd_ratio,36,-2.25,1.0,28.52548999807751
bd_ratio,36,-2.0,1.0,28.68811249470421
bd_ratio,36,-1.75,1.0,28.850734991330913
bd_ratio,36,-1.5,1.0,29.013357487957617
bd_ratio,36,-1.25,1.0,29.175979984584316
bd_ratio,36,-1.0,1.0,29.338602481211016
bd_ratio,36,-0.75,1.0,29.501224977837705
bd_ratio,36,-0.5,1.0,29.66384747446442
bd_ratio,36,-0.25,1.0,29.82646997109111
bd_ratio,36,0.0,1.0,29.98909246771781
bd_ratio,36,0.25,1.0,30.15171496434451
bd_ratio,36,0.5,1.0,30.314337460971203
bd_ratio,36,0.75,1.0,30.476959957597916
bd_ratio,36,1.0,1.0,30.639582454224605
bd_ratio,36,1.25,1.0,30.802204950851305
bd_ratio,36,1.5,1.0,30.964827447478005
bd_ratio,36,1.75,1.0,31.127449944104708
bd_ratio,36,2.0,1.0,31.29007244073141
bd_ratio,36,2.25,1.0,31.45269493735811
bd_ratio,36,2.5,1.0,31.615317433984803
bd_ratio,36,2.75,1.0,31.777939930611506
bd_ratio,36,3.0,1.0,31.940562427238202
bd_ratio,36,3.25,1.0,32.1031849238649
bd_ratio,36,3.5,1.0,32.2658074204916
bd_ratio,36,3.75,1.0,32.4284299171183
bd_ratio,36,4.0,1.0,32.59105241374501
bd_ratio,36,4.25,1.0,32.7536749103717
bd_ratio,36,4.5,1.0,32.916297406998396
bd_ratio,36,4.75,1.0,33.07891990362509
bd_ratio,36,5.0,1.0,33.2415424002518
bd_ratio,36,5.25,1.0,33.4041648968785
bd_ratio,36,5.5,1.0,33.566787393505194
bd_ratio,36,5.75,1.0,33.72940989013189
bd_ratio,36,6.0,1.0,33.89203238675861
bd_ratio,36,6.25,1.0,34.0546548833853
bd_ratio,36,6.5,1.0,34.21727738001201
bd_ratio,36,6.75,1.0,34.3798998766387
bd_ratio,36,7.0,1.0,34.5425223732654
bd_ratio,36,7.25,1.0,34.70514486989211
bd_ratio,36,7.5,1.0,34.867767366518805
bd_ratio,36,7.75,1.0,35.030389863145494
bd_ratio,36,8.0,1.0,35.1930123597722
bd_ratio,36,8.25,1.0,35.35563485639889
bd_ratio,36,8.5,1.0,35.518257353025604
bd_ratio,36,8.75,1.0,35.68087984965229
bd_ratio,36,9.0,1.0,35.843502346278996
bd_ratio,36,9.25,1.0,36.006124842905706
bd_ratio,36,9.5,1.0,36.168747339532395
bd_ratio,36,9.75,1.0,36.33136983615909
bd_ratio,36,10.0,1.0,36.493992332785794
bd_ratio,ALL,-10.0,1.0,23.822514735704402
bd_ratio,ALL,-9.75,1.0,23.953233109830954
bd_ratio,ALL,-9.5,1.0,24.0839514839575
bd_ratio,ALL,-9.25,1.0,24.214669858084044
bd_ratio,ALL,-9.0,1.0,24.345388232210592
bd_ratio,ALL,-8.75,1.0,24.47610660633714
bd_ratio,ALL,-8.5,1.0,24.606824980463685
bd_ratio,ALL,-8.25,1.0,24.73754335459023
bd_ratio,ALL,-8.0,1.0,24.86826172871678
bd_ratio,ALL,-7.75,1.0,24.99898010284333
bd_ratio,ALL,-7.5,1.0,25.129698476969875
bd_ratio,ALL,-7.25,1.0,25.260416851096423
bd_ratio,ALL,-7.0,1.0,25.39113522522297
bd_ratio,ALL,-6.75,1.0,25.521853599349512
bd_ratio,ALL,-6.5,1.0,25.652571973476057
bd_ratio,ALL,-6.25,1.0,25.78329034760261
bd_ratio,ALL,-6.0,1.0,25.914008721729154
bd_ratio,ALL,-5.75,1.0,26.04472709585571
bd_ratio,ALL,-5.5,1.0,26.17544546998225
bd_ratio,ALL,-5.25,1.0,26.306163844108802
bd_ratio,ALL,-5.0,1.0,26.436882218235347
bd_ratio,ALL,-4.75,1.0,26.567600592361895
bd_ratio,ALL,-4.5,1.0,26.698318966488443
bd_ratio,ALL,-4.25,1.0,26.82903734061499
bd_ratio,ALL,-4.0,1.0,26.959755714741533
bd_ratio,ALL,-3.75,1.0,27.09047408886808
bd_ratio,ALL,-3.5,1.0,27.22119246299463
bd_ratio,ALL,-3.25,1.0,27.351910837121178
bd_ratio,ALL,-3.0,1.0,27.482629211247726
bd_ratio,ALL,-2.75,1.0,27.61334758537427
bd_ratio,ALL,-2.5,1.0,27.744065959500816
bd_ratio,ALL,-2.25,1.0,27.874784333627364
bd_ratio,ALL,-2.0,1.0,28.005502707753912
bd_ratio,ALL,-1.75,1.0,28.136221081880457
bd_ratio,ALL,-1.5,1.0,28.26693945600701
bd_ratio,ALL,-1.25,1.0,28.397657830133554
bd_ratio,ALL,-1.0,1.0,28.5283762042601
bd_ratio,ALL,-0.75,1.0,28.659094578386643
bd_ratio,ALL,-0.5,1.0,28.789812952513195
bd_ratio,ALL,-0.25,1.0,28.92053132663974
bd_ratio,ALL,0.0,1.0,29.051249700766288
bd_ratio,ALL,0.25,1.0,29.181968074892836
bd_ratio,ALL,0.5,1.0,29.31268644901938
bd_ratio,ALL,0.75,1.0,29.443404823145933
bd_ratio,ALL,1.0,1.0,29.574123197272478
bd_ratio,ALL,1.25,1.0,29.704841571399022
bd_ratio,ALL,1.5,1.0,29.835559945525567
bd_ratio,ALL,1.75,1.0,29.96627831965212
bd_ratio,ALL,2.0,1.0,30.096996693778667
bd_ratio,ALL,2.25,1.0,30.227715067905216
bd_ratio,ALL,2.5,1.0,30.35843344203176
bd_ratio,ALL,2.75,1.0,30.489151816158305
bd_ratio,ALL,3.0,1.0,30.619870190284853
bd_ratio,ALL,3.25,1.0,30.7505885644114
bd_ratio,ALL,3.5,1.0,30.881306938537946
bd_ratio,ALL,3.75,1.0,31.012025312664495
bd_ratio,ALL,4.0,1.0,31.142743686791043
bd_ratio,ALL,4.25,1.0,31.273462060917588
bd_ratio,ALL,4.5,1.0,31.404180435044132
bd_ratio,ALL,4.75,1.0,31.53489880917068
bd_ratio,ALL,5.0,1.0,31.665617183297236
bd_ratio,ALL,5.25,1.0,31.796335557423774
bd_ratio,ALL,5.5,1.0,31.927053931550326
bd_ratio,ALL,5.75,1.0,32.05777230567686
bd_ratio,ALL,6.0,1.0,32.18849067980342
bd_ratio,ALL,6.25,1.0,32.31920905392997
bd_ratio,ALL,6.5,1.0,32.44992742805651
bd_ratio,ALL,6.75,1.0,32.580645802183064
bd_ratio,ALL,7.0,1.0,32.7113641763096
bd_ratio,ALL,7.25,1.0,32.84208255043615
bd_ratio,ALL,7.5,1.0,32.972800924562705
bd_ratio,ALL,7.75,1.0,33.10351929868925
bd_ratio,ALL,8.0,1.0,33.234237672815794
bd_ratio,ALL,8.25,1.0,33.364956046942346
bd_ratio,ALL,8.5,1.0,33.4956744210689
bd_ratio,ALL,8.75,1.0,33.62639279519544
bd_ratio,ALL,9.0,1.0,33.75711116932199
bd_ratio,ALL,9.25,1.0,33.88782954344853
bd_ratio,ALL,9.5,1.0,34.01854791757508
bd_ratio,ALL,9.75,1.0,34.14926629170163
bd_ratio,ALL,10.0,1.0,34.27998466582818
bdg_d2_corrected_norm,16,-10.0,1.0,48.49874079619005
bdg_d2_corrected_norm,16,-9.75,1.0,48.02999079619005
bdg_d2_corrected_norm,16,-9.5,1.0,47.56124079619005
bdg_d2_corrected_norm,16,-9.25,1.0,47.09249079619005
bdg_d2_corrected_norm,16,-9.0,1.0,46.62374079619005
bdg_d2_corrected_norm,16,-8.75,1.0,46.15499079619005
bdg_d2_corrected_norm,16,-8.5,1.0,45.68624079619005
bdg_d2_corrected_norm,16,-8.25,1.0,45.21749079619005
bdg_d2_corrected_norm,16,-8.0,1.0,44.74874079619005
bdg_d2_corrected_norm,16,-7.75,1.0,44.27999079619005
bdg_d2_corrected_norm,16,-7.5,1.0,43.81124079619005
bdg_d2_corrected_norm,16,-7.25,1.0,43.34249079619005
bdg_d2_corrected_norm,16,-7.0,1.0,42.87374079619005
bdg_d2_corrected_norm,16,-6.75,1.0,42.40499079619005
bdg_d2_corrected_norm,16,-6.5,1.0,41.93624079619005
bdg_d2_corrected_norm,16,-6.25,1.0,41.46749079619005
bdg_d2_corrected_norm,16,-6.0,1.0,40.99874079619005
bdg_d2_corrected_norm,16,-5.75,1.0,40.52999079619005
bdg_d2_corrected_norm,16,-5.5,1.0,40.06124079619005
bdg_d2_corrected_norm,16,-5.25,1.0,39.59249079619005
bdg_d2_corrected_norm,16,-5.0,1.0,39.12374079619005
bdg_d2_corrected_norm,16,-4.75,1.0,38.65499079619005
bdg_d2_corrected_norm,16,-4.5,1.0,38.18624079619005
bdg_d2_corrected_norm,16,-4.25,1.0,37.71749079619005
bdg_d2_corrected_norm,16,-4.0,1.0,37.24874079619005
bdg_d2_corrected_norm,16,-3.75,1.0,36.77999079619005
bdg_d2_corrected_norm,16,-3.5,1.0,36.31124079619005
bdg_d2_corrected_norm,16,-3.25,1.0,35.84249079619005
bdg_d2_corrected_norm,16,-3.0,1.0,35.37374079619005
bdg_d2_corrected_norm,16,-2.75,1.0,34.90499079619005
bdg_d2_corrected_norm,16,-2.5,1.0,34.43624079619005
bdg_d2_corrected_norm,16,-2.25,1.0,33.96749079619005
bdg_d2_corrected_norm,16,-2.0,1.0,33.49874079619005
bdg_d2_corrected_norm,16,-1.75,1.0,33.02999079619005
bdg_d2_corrected_norm,16,-1.5,1.0,32.56124079619005
bdg_d2_corrected_norm,16,-1.25,1.0,32.09249079619005
bdg_d2_corrected_norm,16,-1.0,1.0,31.62374079619005
bdg_d2_corrected_norm,16,-0.75,1.0,31.15499079619005
bdg_d2_corrected_norm,16,-0.5,1.0,30.68624079619005
bdg_d2_corrected_norm,16,-0.25,1.0,30.21749079619005
bdg_d2_corrected_norm,16,0.0,1.0,29.74874079619005
bdg_d2_corrected_norm,16,0.25,1.0,29.27999079619005
bdg_d2_corrected_norm,16,0.5,1.0,28.81124079619005
bdg_d2_corrected_norm,16,0.75,1.0,28.34249079619005
bdg_d2_corrected_norm,16,1.0,1.0,27.87374079619005
bdg_d2_corrected_norm,16,1.25,1.0,27.40499079619005
bdg_d2_corrected_norm,16,1.5,1.0,26.93624079619005
bdg_d2_corrected_norm,16,1.75,1.0,26.46749079619005
bdg_d2_corrected_norm,16,2.0,1.0,25.99874079619005
bdg_d2_corrected_norm,16,2.25,1.0,25.52999079619005
bdg_d2_corrected_norm,16,2.5,1.0,25.06124079619005
bdg_d2_corrected_norm,16,2.75,1.0,24.59249079619005
bdg_d2_corrected_norm,16,3.0,1.0,24.12374079619005
bdg_d2_corrected_norm,16,3.25,1.0,23.65499079619005
bdg_d2_corrected_norm,16,3.5,1.0,23.18624079619005
bdg_d2_corrected_norm,16,3.75,1.0,22.71749079619005
bdg_d2_corrected_norm,16,4.0,1.0,22.24874079619005
bdg_d2_corrected_norm,16,4.25,1.0,21.77999079619005
bdg_d2_corrected_norm,16,4.5,1.0,21.31124079619005
bdg_d2_corrected_norm,16,4.75,1.0,20.84249079619005
bdg_d2_corrected_norm,16,5.0,1.0,20.37374079619005
bdg_d2_corrected_norm,16,5.25,1.0,19.90499079619005
bdg_d2_corrected_norm,16,5.5,1.0,19.43624079619005
bdg_d2_corrected_norm,16,5.75,1.0,18.96749079619005
bdg_d2_corrected_norm,16,6.0,1.0,18.49874079619005
bdg_d2_corrected_norm,16,6.25,1.0,18.02999079619005
bdg_d2_corrected_norm,16,6.5,1.0,17.56124079619005
bdg_d2_corrected_norm,16,6.75,1.0,17.09249079619005
bdg_d2_corrected_norm,16,7.0,1.0,16.62374079619005
bdg_d2_corrected_norm,16,7.25,1.0,16.15499079619005
bdg_d2_corrected_norm,16,7.5,1.0,15.686240796190047
bdg_d2_corrected_norm,16,7.75,1.0,15.217490796190047
bdg_d2_corrected_norm,16,8.0,1.0,14.748740796190047
bdg_d2_corrected_norm,16,8.25,1.0,14.279990796190047
bdg_d2_corrected_norm,16,8.5,1.0,13.811240796190047
bdg_d2_corrected_norm,16,8.75,1.0,13.342490796190049
bdg_d2_corrected_norm,16,9.0,0.875,12.873740796190049
bdg_d2_corrected_norm,16,9.25,0.875,12.404990796190049
bdg_d2_corrected_norm,16,9.5,0.75,11.936240796190049
bdg_d2_corrected_norm,16,9.75,0.75,11.467490796190049
bdg_d2_corrected_norm,16,10.0,0.75,10.998740796190047
bdg_d2_corrected_norm,20,-10.0,1.0,43.97919885931816
bdg_d2_corrected_norm,20,-9.75,1.0,43.547948859318154
bdg_d2_corrected_norm,20,-9.5,1.0,43.116698859318156
bdg_d2_corrected_norm,20,-9.25,1.0,42.68544885931816
bdg_d2_corrected_norm,20,-9.0,1.0,42.25419885931815
bdg_d2_corrected_norm,20,-8.75,1.0,41.82294885931816
bdg_d2_corrected_norm,20,-8.5,1.0,41.391698859318154
bdg_d2_corrected_norm,20,-8.25,1.0,40.960448859318156
bdg_d2_corrected_norm,20,-8.0,1.0,40.52919885931816
bdg_d2_corrected_norm,20,-7.75,1.0,40.09794885931815
bdg_d2_corrected_norm,20,-7.5,1.0,39.66669885931816
bdg_d2_corrected_norm,20,-7.25,1.0,39.235448859318154
bdg_d2_corrected_norm,20,-7.0,1.0,38.804198859318156
bdg_d2_corrected_norm,20,-6.75,1.0,38.37294885931816
bdg_d2_corrected_norm,20,-6.5,1.0,37.94169885931815
bdg_d2_corrected_norm,20,-6.25,1.0,37.51044885931816
bdg_d2_corrected_norm,20,-6.0,1.0,37.079198859318154
bdg_d2_corrected_norm,20,-5.75,1.0,36.647948859318156
bdg_d2_corrected_norm,20,-5.5,1.0,36.21669885931816
bdg_d2_corrected_norm,20,-5.25,1.0,35.78544885931815
bdg_d2_corrected_norm,20,-5.0,1.0,35.35419885931816
bdg_d2_corrected_norm,20,-4.75,1.0,34.92294885931817
bdg_d2_corrected_norm,20,-4.5,1.0,34.491698859318156
bdg_d2_corrected_norm,20,-4.25,1.0,34.06044885931816
bdg_d2_corrected_norm,20,-4.0,1.0,33.62919885931815
bdg_d2_corrected_norm,20,-3.75,1.0,33.19794885931816
bdg_d2_corrected_norm,20,-3.5,1.0,32.76669885931817
bdg_d2_corrected_norm,20,-3.25,1.0,32.335448859318156
bdg_d2_corrected_norm,20,-3.0,1.0,31.90419885931816
bdg_d2_corrected_norm,20,-2.75,1.0,31.472948859318155
bdg_d2_corrected_norm,20,-2.5,1.0,31.04169885931816
bdg_d2_corrected_norm,20,-2.25,1.0,30.610448859318165
bdg_d2_corrected_norm,20,-2.0,1.0,30.179198859318156
bdg_d2_corrected_norm,20,-1.75,1.0,29.747948859318164
bdg_d2_corrected_norm,20,-1.5,1.0,29.316698859318155
bdg_d2_corrected_norm,20,-1.25,1.0,28.88544885931816
bdg_d2_corrected_norm,20,-1.0,1.0,28.45419885931816
bdg_d2_corrected_norm,20,-0.75,1.0,28.02294885931816
bdg_d2_corrected_norm,20,-0.5,1.0,27.59169885931816
bdg_d2_corrected_norm,20,-0.25,1.0,27.16044885931816
bdg_d2_corrected_norm,20,0.0,1.0,26.72919885931816
bdg_d2_corrected_norm,20,0.25,1.0,26.29794885931816
bdg_d2_corrected_norm,20,0.5,1.0,25.86669885931816
bdg_d2_corrected_norm,20,0.75,1.0,25.43544885931816
bdg_d2_corrected_norm,20,1.0,1.0,25.00419885931816
bdg_d2_corrected_norm,20,1.25,1.0,24.57294885931816
bdg_d2_corrected_norm,20,1.5,1.0,24.14169885931816
bdg_d2_corrected_norm,20,1.75,1.0,23.710448859318156
bdg_d2_corrected_norm,20,2.0,1.0,23.27919885931816
bdg_d2_corrected_norm,20,2.25,1.0,22.847948859318155
bdg_d2_corrected_norm,20,2.5,1.0,22.41669885931816
bdg_d2_corrected_norm,20,2.75,1.0,21.98544885931816
bdg_d2_corrected_norm,20,3.0,1.0,21.554198859318156
bdg_d2_corrected_norm,20,3.25,1.0,21.12294885931816
bdg_d2_corrected_norm,20,3.5,1.0,20.691698859318155
bdg_d2_corrected_norm,20,3.75,1.0,20.26044885931816
bdg_d2_corrected_norm,20,4.0,1.0,19.82919885931816
bdg_d2_corrected_norm,20,4.25,1.0,19.397948859318156
bdg_d2_corrected_norm,20,4.5,1.0,18.96669885931816
bdg_d2_corrected_norm,20,4.75,1.0,18.535448859318155
bdg_d2_corrected_norm,20,5.0,1.0,18.10419885931816
bdg_d2_corrected_norm,20,5.25,1.0,17.67294885931816
bdg_d2_corrected_norm,20,5.5,1.0,17.241698859318156
bdg_d2_corrected_norm,20,5.75,1.0,16.81044885931816
bdg_d2_corrected_norm,20,6.0,1.0,16.37919885931816
bdg_d2_corrected_norm,20,6.25,1.0,15.947948859318162
bdg_d2_corrected_norm,20,6.5,1.0,15.516698859318163
bdg_d2_corrected_norm,20,6.75,1.0,15.085448859318157
bdg_d2_corrected_norm,20,7.0,1.0,14.65419885931816
bdg_d2_corrected_norm,20,7.25,1.0,14.22294885931816
bdg_d2_corrected_norm,20,7.5,1.0,13.79169885931816
bdg_d2_corrected_norm,20,7.75,1.0,13.360448859318163
bdg_d2_corrected_norm,20,8.0,1.0,12.929198859318157
bdg_d2_corrected_norm,20,8.25,1.0,12.49794885931816
bdg_d2_corrected_norm,20,8.5,1.0,12.06669885931816
bdg_d2_corrected_norm,20,8.75,1.0,11.63544885931816
bdg_d2_corrected_norm,20,9.0,1.0,11.204198859318163
bdg_d2_corrected_norm,20,9.25,1.0,10.772948859318157
bdg_d2_corrected_norm,20,9.5,1.0,10.341698859318162
bdg_d2_corrected_norm,20,9.75,1.0,9.91044885931816
bdg_d2_corrected_norm,20,10.0,1.0,9.47919885931816
bdg_d2_corrected_norm,28,-10.0,1.0,61.79153810841056
bdg_d2_corrected_norm,28,-9.75,1.0,60.99019882269628
bdg_d2_corrected_norm,28,-9.5,1.0,60.188859536981994
bdg_d2_corrected_norm,28,-9.25,1.0,59.38752025126771
bdg_d2_corrected_norm,28,-9.0,1.0,58.586180965553424
bdg_d2_corrected_norm,28,-8.75,1.0,57.78484167983914
bdg_d2_corrected_norm,28,-8.5,1.0,56.98350239412485
bdg_d2_corrected_norm,28,-8.25,1.0,56.18216310841056
bdg_d2_corrected_norm,28,-8.0,1.0,55.38082382269628
bdg_d2_corrected_norm,28,-7.75,1.0,54.579484536981994
bdg_d2_corrected_norm,28,-7.5,1.0,53.7781452512677
bdg_d2_corrected_norm,28,-7.25,1.0,52.976805965553424
bdg_d2_corrected_norm,28,-7.0,1.0,52.17546667983914
bdg_d2_corrected_norm,28,-6.75,1.0,51.37412739412485
bdg_d2_corrected_norm,28,-6.5,1.0,50.57278810841056
bdg_d2_corrected_norm,28,-6.25,1.0,49.77144882269627
bdg_d2_corrected_norm,28,-6.0,1.0,48.970109536981994
bdg_d2_corrected_norm,28,-5.75,1.0,48.1687702512677
bdg_d2_corrected_norm,28,-5.5,1.0,47.367430965553424
bdg_d2_corrected_norm,28,-5.25,1.0,46.56609167983914
bdg_d2_corrected_norm,28,-5.0,1.0,45.764752394124855
bdg_d2_corrected_norm,28,-4.75,1.0,44.96341310841056
bdg_d2_corrected_norm,28,-4.5,1.0,44.16207382269627
bdg_d2_corrected_norm,28,-4.25,1.0,43.360734536981994
bdg_d2_corrected_norm,28,-4.0,1.0,42.5593952512677
bdg_d2_corrected_norm,28,-3.75,1.0,41.758055965553424
bdg_d2_corrected_norm,28,-3.5,1.0,40.95671667983914
bdg_d2_corrected_norm,28,-3.25,1.0,40.15537739412485
bdg_d2_corrected_norm,28,-3.0,1.0,39.35403810841056
bdg_d2_corrected_norm,28,-2.75,1.0,38.552698822696286
bdg_d2_corrected_norm,28,-2.5,1.0,37.751359536981994
bdg_d2_corrected_norm,28,-2.25,1.0,36.9500202512677
bdg_d2_corrected_norm,28,-2.0,1.0,36.148680965553424
bdg_d2_corrected_norm,28,-1.75,1.0,35.34734167983914
bdg_d2_corrected_norm,28,-1.5,1.0,34.54600239412485
bdg_d2_corrected_norm,28,-1.25,1.0,33.74466310841056
bdg_d2_corrected_norm,28,-1.0,1.0,32.94332382269628
bdg_d2_corrected_norm,28,-0.75,1.0,32.141984536981994
bdg_d2_corrected_norm,28,-0.5,1.0,31.34064525126771
bdg_d2_corrected_norm,28,-0.25,1.0,30.53930596555342
bdg_d2_corrected_norm,28,0.0,1.0,29.73796667983914
bdg_d2_corrected_norm,28,0.25,1.0,28.93662739412485
bdg_d2_corrected_norm,28,0.5,1.0,28.135288108410563
bdg_d2_corrected_norm,28,0.75,1.0,27.33394882269628
bdg_d2_corrected_norm,28,1.0,1.0,26.532609536981994
bdg_d2_corrected_norm,28,1.25,1.0,25.73127025126771
bdg_d2_corrected_norm,28,1.5,1.0,24.92993096555342
bdg_d2_corrected_norm,28,1.75,1.0,24.128591679839136
bdg_d2_corrected_norm,28,2.0,1.0,23.32725239412485
bdg_d2_corrected_norm,28,2.25,1.0,22.525913108410563
bdg_d2_corrected_norm,28,2.5,1.0,21.72457382269628
bdg_d2_corrected_norm,28,2.75,1.0,20.92323453698199
bdg_d2_corrected_norm,28,3.0,1.0,20.12189525126771
bdg_d2_corrected_norm,28,3.25,1.0,19.320555965553417
bdg_d2_corrected_norm,28,3.5,1.0,18.519216679839136
bdg_d2_corrected_norm,28,3.75,1.0,17.71787739412485
bdg_d2_corrected_norm,28,4.0,1.0,16.916538108410567
bdg_d2_corrected_norm,28,4.25,1.0,16.115198822696282
bdg_d2_corrected_norm,28,4.5,1.0,15.313859536981996
bdg_d2_corrected_norm,28,4.75,1.0,14.512520251267707
bdg_d2_corrected_norm,28,5.0,1.0,13.711180965553423
bdg_d2_corrected_norm,28,5.25,1.0,12.909841679839136
bdg_d2_corrected_norm,28,5.5,1.0,12.108502394124853
bdg_d2_corrected_norm,28,5.75,1.0,11.307163108410567
bdg_d2_corrected_norm,28,6.0,1.0,10.505823822696284
bdg_d2_corrected_norm,28,6.25,1.0,9.704484536981997
bdg_d2_corrected_norm,28,6.5,1.0,8.90314525126771
bdg_d2_corrected_norm,28,6.75,1.0,8.101805965553424
bdg_d2_corrected_norm,28,7.0,1.0,7.300466679839129
bdg_d2_corrected_norm,28,7.25,1.0,6.499127394124855
bdg_d2_corrected_norm,28,7.5,1.0,5.697788108410567
bdg_d2_corrected_norm,28,7.75,1.0,4.896448822696286
bdg_d2_corrected_norm,28,8.0,0.875,4.095109536981997
bdg_d2_corrected_norm,28,8.25,0.75,3.293770251267709
bdg_d2_corrected_norm,28,8.5,0.625,2.4924309655534245
bdg_d2_corrected_norm,28,8.75,0.625,1.6910916798391291
bdg_d2_corrected_norm,28,9.0,0.625,0.8897523941248551
bdg_d2_corrected_norm,28,9.25,0.625,0.08841310841056682
bdg_d2_corrected_norm,28,9.5,0.5,-0.7129261773037143
bdg_d2_corrected_norm,28,9.75,0.5,-1.5142654630180026
bdg_d2_corrected_norm,28,10.0,0.25,-2.315604748732291
bdg_d2_corrected_norm,36,-10.0,1.0,67.0029813566067
bdg_d2_corrected_norm,36,-9.75,1.0,66.07763413438448
bdg_d2_corrected_norm,36,-9.5,1.0,65.15228691216225
bdg_d2_corrected_norm,36,-9.25,1.0,64.22693968994002
bdg_d2_corrected_norm,36,-9.0,1.0,63.30159246771781
bdg_d2_corrected_norm,36,-8.75,1.0,62.37624524549558
bdg_d2_corrected_norm,36,-8.5,1.0,61.45089802327337
bdg_d2_corrected_norm,36,-8.25,1.0,60.52555080105114
bdg_d2_corrected_norm,36,-8.0,1.0,59.60020357882892
bdg_d2_corrected_norm,36,-7.75,1.0,58.674856356606696
bdg_d2_corrected_norm,36,-7.5,1.0,57.74950913438448
bdg_d2_corrected_norm,36,-7.25,1.0,56.82416191216225
bdg_d2_corrected_norm,36,-7.0,1.0,55.89881468994003
bdg_d2_corrected_norm,36,-6.75,1.0,54.97346746771781
bdg_d2_corrected_norm,36,-6.5,1.0,54.04812024549559
bdg_d2_corrected_norm,36,-6.25,1.0,53.12277302327337
bdg_d2_corrected_norm,36,-6.0,1.0,52.19742580105114
bdg_d2_corrected_norm,36,-5.75,1.0,51.272078578828925
bdg_d2_corrected_norm,36,-5.5,1.0,50.346731356606696
bdg_d2_corrected_norm,36,-5.25,1.0,49.421384134384475
bdg_d2_corrected_norm,36,-5.0,1.0,48.49603691216225
bdg_d2_corrected_norm,36,-4.75,1.0,47.57068968994004
bdg_d2_corrected_norm,36,-4.5,1.0,46.64534246771781
bdg_d2_corrected_norm,36,-4.25,1.0,45.71999524549559
bdg_d2_corrected_norm,36,-4.0,1.0,44.79464802327337
bdg_d2_corrected_norm,36,-3.75,1.0,43.86930080105114
bdg_d2_corrected_norm,36,-3.5,1.0,42.943953578828925
bdg_d2_corrected_norm,36,-3.25,1.0,42.018606356606696
bdg_d2_corrected_norm,36,-3.0,1.0,41.093259134384475
bdg_d2_corrected_norm,36,-2.75,1.0,40.16791191216225
bdg_d2_corrected_norm,36,-2.5,1.0,39.24256468994003
bdg_d2_corrected_norm,36,-2.25,1.0,38.31721746771781
bdg_d2_corrected_norm,36,-2.0,1.0,37.39187024549559
bdg_d2_corrected_norm,36,-1.75,1.0,36.46652302327337
bdg_d2_corrected_norm,36,-1.5,1.0,35.54117580105115
bdg_d2_corrected_norm,36,-1.25,1.0,34.615828578828925
bdg_d2_corrected_norm,36,-1.0,1.0,33.690481356606696
bdg_d2_corrected_norm,36,-0.75,1.0,32.76513413438448
bdg_d2_corrected_norm,36,-0.5,1.0,31.83978691216225
bdg_d2_corrected_norm,36,-0.25,1.0,30.914439689940036
bdg_d2_corrected_norm,36,0.0,1.0,29.98909246771781
bdg_d2_corrected_norm,36,0.25,1.0,29.063745245495586
bdg_d2_corrected_norm,36,0.5,1.0,28.13839802327337
bdg_d2_corrected_norm,36,0.75,1.0,27.21305080105114
bdg_d2_corrected_norm,36,1.0,1.0,26.287703578828925
bdg_d2_corrected_norm,36,1.25,1.0,25.362356356606696
bdg_d2_corrected_norm,36,1.5,1.0,24.437009134384482
bdg_d2_corrected_norm,36,1.75,1.0,23.511661912162257
bdg_d2_corrected_norm,36,2.0,1.0,22.586314689940036
bdg_d2_corrected_norm,36,2.25,1.0,21.66096746771781
bdg_d2_corrected_norm,36,2.5,1.0,20.735620245495586
bdg_d2_corrected_norm,36,2.75,1.0,19.81027302327337
bdg_d2_corrected_norm,36,3.0,1.0,18.88492580105114
bdg_d2_corrected_norm,36,3.25,1.0,17.959578578828925
bdg_d2_corrected_norm,36,3.5,1.0,17.034231356606696
bdg_d2_corrected_norm,36,3.75,1.0,16.10888413438448
bdg_d2_corrected_norm,36,4.0,1.0,15.183536912162257
bdg_d2_corrected_norm,36,4.25,1.0,14.258189689940036
bdg_d2_corrected_norm,36,4.5,1.0,13.33284246771781
bdg_d2_corrected_norm,36,4.75,1.0,12.407495245495586
bdg_d2_corrected_norm,36,5.0,0.875,11.482148023273364
bdg_d2_corrected_norm,36,5.25,0.875,10.556800801051143
bdg_d2_corrected_norm,36,5.5,0.875,9.631453578828925
bdg_d2_corrected_norm,36,5.75,0.875,8.706106356606696
bdg_d2_corrected_norm,36,6.0,0.875,7.780759134384482
bdg_d2_corrected_norm,36,6.25,0.875,6.855411912162257
bdg_d2_corrected_norm,36,6.5,0.75,5.930064689940032
bdg_d2_corrected_norm,36,6.75,0.75,5.004717467717811
bdg_d2_corrected_norm,36,7.0,0.75,4.079370245495586
bdg_d2_corrected_norm,36,7.25,0.75,3.1540230232733677
bdg_d2_corrected_norm,36,7.5,0.75,2.228675801051139
bdg_d2_corrected_norm,36,7.75,0.75,1.3033285788289248
bdg_d2_corrected_norm,36,8.0,0.625,0.3779813566066963
bdg_d2_corrected_norm,36,8.25,0.625,-0.547365865615518
bdg_d2_corrected_norm,36,8.5,0.625,-1.472713087837743
bdg_d2_corrected_norm,36,8.75,0.625,-2.3980603100599573
bdg_d2_corrected_norm,36,9.0,0.5,-3.3234075322821894
bdg_d2_corrected_norm,36,9.25,0.375,-4.248754754504414
bdg_d2_corrected_norm,36,9.5,0.375,-5.174101976726639
bdg_d2_corrected_norm,36,9.75,0.125,-6.099449198948857
bdg_d2_corrected_norm,36,10.0,0.125,-7.024796421171075
bdg_d2_corrected_norm,ALL,-10.0,1.0,55.31811478013137
bdg_d2_corrected_norm,ALL,-9.75,1.0,54.66144315314724
bdg_d2_corrected_norm,ALL,-9.5,1.0,54.00477152616311
bdg_d2_corrected_norm,ALL,-9.25,1.0,53.34809989917898
bdg_d2_corrected_norm,ALL,-9.0,1.0,52.691428272194855
bdg_d2_corrected_norm,ALL,-8.75,1.0,52.034756645210734
bdg_d2_corrected_norm,ALL,-8.5,1.0,51.3780850182266
bdg_d2_corrected_norm,ALL,-8.25,1.0,50.72141339124248
bdg_d2_corrected_norm,ALL,-8.0,1.0,50.06474176425835
bdg_d2_corrected_norm,ALL,-7.75,1.0,49.40807013727422
bdg_d2_corrected_norm,ALL,-7.5,1.0,48.751398510290095
bdg_d2_corrected_norm,ALL,-7.25,1.0,48.09472688330597
bdg_d2_corrected_norm,ALL,-7.0,1.0,47.438055256321846
bdg_d2_corrected_norm,ALL,-6.75,1.0,46.78138362933771
bdg_d2_corrected_norm,ALL,-6.5,1.0,46.12471200235359
bdg_d2_corrected_norm,ALL,-6.25,1.0,45.468040375369455
bdg_d2_corrected_norm,ALL,-6.0,1.0,44.811368748385334
bdg_d2_corrected_norm,ALL,-5.75,1.0,44.15469712140121
bdg_d2_corrected_norm,ALL,-5.5,1.0,43.49802549441708
bdg_d2_corrected_norm,ALL,-5.25,1.0,42.84135386743296
bdg_d2_corrected_norm,ALL,-5.0,1.0,42.18468224044882
bdg_d2_corrected_norm,ALL,-4.75,1.0,41.5280106134647
bdg_d2_corrected_norm,ALL,-4.5,1.0,40.87133898648058
bdg_d2_corrected_norm,ALL,-4.25,1.0,40.214667359496445
bdg_d2_corrected_norm,ALL,-4.0,1.0,39.557995732512325
bdg_d2_corrected_norm,ALL,-3.75,1.0,38.90132410552819
bdg_d2_corrected_norm,ALL,-3.5,1.0,38.24465247854407
bdg_d2_corrected_norm,ALL,-3.25,1.0,37.587980851559934
bdg_d2_corrected_norm,ALL,-3.0,1.0,36.93130922457581
bdg_d2_corrected_norm,ALL,-2.75,1.0,36.274637597591685
bdg_d2_corrected_norm,ALL,-2.5,1.0,35.61796597060756
bdg_d2_corrected_norm,ALL,-2.25,1.0,34.961294343623436
bdg_d2_corrected_norm,ALL,-2.0,1.0,34.3046227166393
bdg_d2_corrected_norm,ALL,-1.75,1.0,33.64795108965518
bdg_d2_corrected_norm,ALL,-1.5,1.0,32.991279462671045
bdg_d2_corrected_norm,ALL,-1.25,1.0,32.334607835686924
bdg_d2_corrected_norm,ALL,-1.0,1.0,31.677936208702796
bdg_d2_corrected_norm,ALL,-0.75,1.0,31.02126458171867
bdg_d2_corrected_norm,ALL,-0.5,1.0,30.36459295473454
bdg_d2_corrected_norm,ALL,-0.25,1.0,29.707921327750416
bdg_d2_corrected_norm,ALL,0.0,1.0,29.051249700766288
bdg_d2_corrected_norm,ALL,0.25,1.0,28.394578073782164
bdg_d2_corrected_norm,ALL,0.5,1.0,27.737906446798036
bdg_d2_corrected_norm,ALL,0.75,1.0,27.081234819813908
bdg_d2_corrected_norm,ALL,1.0,1.0,26.42456319282978
bdg_d2_corrected_norm,ALL,1.25,1.0,25.76789156584565
bdg_d2_corrected_norm,ALL,1.5,1.0,25.111219938861527
bdg_d2_corrected_norm,ALL,1.75,1.0,24.4545483118774
bdg_d2_corrected_norm,ALL,2.0,1.0,23.797876684893275
bdg_d2_corrected_norm,ALL,2.25,1.0,23.141205057909144
bdg_d2_corrected_norm,ALL,2.5,1.0,22.48453343092502
bdg_d2_corrected_norm,ALL,2.75,1.0,21.82786180394089
bdg_d2_corrected_norm,ALL,3.0,1.0,21.171190176956763
bdg_d2_corrected_norm,ALL,3.25,1.0,20.514518549972635
bdg_d2_corrected_norm,ALL,3.5,1.0,19.857846922988507
bdg_d2_corrected_norm,ALL,3.75,1.0,19.201175296004383
bdg_d2_corrected_norm,ALL,4.0,1.0,18.54450366902026
bdg_d2_corrected_norm,ALL,4.25,1.0,17.88783204203613
bdg_d2_corrected_norm,ALL,4.5,1.0,17.231160415052003
bdg_d2_corrected_norm,ALL,4.75,1.0,16.574488788067875
bdg_d2_corrected_norm,ALL,5.0,0.96875,15.917817161083747
bdg_d2_corrected_norm,ALL,5.25,0.96875,15.26114553409962
bdg_d2_corrected_norm,ALL,5.5,0.96875,14.604473907115496
bdg_d2_corrected_norm,ALL,5.75,0.96875,13.947802280131368
bdg_d2_corrected_norm,ALL,6.0,0.96875,13.291130653147244
bdg_d2_corrected_norm,ALL,6.25,0.96875,12.634459026163116
bdg_d2_corrected_norm,ALL,6.5,0.9375,11.977787399178988
bdg_d2_corrected_norm,ALL,6.75,0.9375,11.32111577219486
bdg_d2_corrected_norm,ALL,7.0,0.9375,10.66444414521073
bdg_d2_corrected_norm,ALL,7.25,0.9375,10.007772518226608
bdg_d2_corrected_norm,ALL,7.5,0.9375,9.351100891242478
bdg_d2_corrected_norm,ALL,7.75,0.9375,8.694429264258355
bdg_d2_corrected_norm,ALL,8.0,0.875,8.037757637274225
bdg_d2_corrected_norm,ALL,8.25,0.84375,7.3810860102901
bdg_d2_corrected_norm,ALL,8.5,0.8125,6.724414383305972
bdg_d2_corrected_norm,ALL,8.75,0.8125,6.067742756321845
bdg_d2_corrected_norm,ALL,9.0,0.75,5.411071129337719
bdg_d2_corrected_norm,ALL,9.25,0.71875,4.754399502353589
bdg_d2_corrected_norm,ALL,9.5,0.65625,4.097727875369465
bdg_d2_corrected_norm,ALL,9.75,0.59375,3.441056248385337
bdg_d2_corrected_norm,ALL,10.0,0.53125,2.7843846214012102
