N,k_nominal,k_actual,log_H,seed
10,2,2,12.034572327367803,20362318
10,2,2,11.194701707405748,20362319
10,2,2,11.723834478616096,20362320
10,2,2,11.156021923476494,20362321
10,2,2,10.775617388624513,20362322
10,2,2,10.551637367165338,20362323
10,2,2,10.77067207030233,20362324
10,2,2,12.331823850835734,20362325
10,2,2,12.437184366493561,20362326
10,2,2,10.823371819920414,20362327
10,2,2,10.543866667557417,20362328
10,2,2,12.51414540762969,20362329
10,2,2,11.42037148335962,20362330
10,2,2,13.207292588189635,20362331
10,2,2,11.597854675755533,20362332
10,2,2,11.08735968515506,20362333
10,2,2,12.437184366493561,20362334
10,2,2,10.546393516659327,20362335
10,2,2,10.881851268608061,20362336
10,2,2,11.820998227069744,20362337
10,2,2,10.960930564166167,20362338
10,2,2,11.70321519141336,20362339
10,2,2,12.855894701351746,20362340
10,2,2,11.297750083305196,20362341
10,2,2,11.407564949312402,20362342
10,2,2,12.276344698515505,20362343
10,2,2,11.562857833718438,20362344
10,2,2,11.499232137838225,20362345
10,2,2,13.31265310384746,20362346
10,2,2,10.68166498228065,20362347
10,2,2,13.08950955253325,20362348
10,2,2,11.73830651122463,20362349
10,2,2,11.499232137838225,20362350
10,2,2,12.034572327367803,20362351
10,2,2,11.476053990194323,20362352
10,2,2,12.276344698515505,20362353
10,2,2,10.737700173374677,20362354
10,2,2,11.622676328929348,20362355
10,2,2,11.866254818657865,20362356
10,2,2,10.984750202869124,20362357
10,2,2,12.185053278306098,20362358
10,2,2,12.568212628899964,20362359
10,2,2,11.472728275218815,20362360
10,2,2,10.186408307886198,20362361
10,2,2,11.309584540952198,20362362
10,2,2,11.783257899086896,20362363
10,2,2,13.207292588189635,20362364
10,2,2,11.387362241994882,20362365
10,2,2,10.996752234877642,20362366
10,2,2,11.61620381442373,20362367
10,3,3,9.532423871145296,20363318
10,3,3,9.430118265814091,20363319
10,3,3,11.090110718526951,20363320
10,3,3,12.619505923287514,20363321
10,3,3,12.396362371973305,20363322
10,3,3,9.670293665368417,20363323
10,3,2,12.71481610309184,20363324
10,3,3,9.578103612900335,20363325
10,3,3,10.144078017454058,20363326
10,3,3,12.331823850835734,20363327
10,3,3,10.684645610418787,20363328
10,3,3,9.441452092939569,20363329
10,3,3,10.885566024948286,20363330
10,3,3,8.160518247477505,20363331
10,3,3,10.434703865949853,20363332
10,3,3,9.159047077588632,20363333
10,3,3,10.471071510120728,20363334
10,3,3,12.080509422554828,20363335
10,3,3,10.216837371736487,20363336
10,3,3,9.869930769007285,20363337
10,3,3,10.60460290274525,20363338
10,3,3,10.718409790021994,20363339
10,3,3,9.0595174822416,20363340
10,3,3,11.242690306122169,20363341
10,3,3,9.54108193388841,20363342
10,3,3,9.363919459904483,20363343
10,3,3,10.956579325902428,20363344
10,3,3,9.814656338829513,20363345
10,3,3,10.418703524603412,20363346
10,3,3,10.706385597055192,20363347
10,3,3,10.16400395691514,20363348
10,3,3,11.926358742727569,20363349
10,3,3,11.010068010853415,20363350
10,3,3,8.425077902508432,20363351
10,3,3,11.469600340231855,20363352
10,3,3,12.021668922531894,20363353
10,3,3,12.262830979348783,20363354
10,3,3,10.916541952842591,20363355
10,3,3,10.650412438776545,20363356
10,3,3,8.089482474360754,20363357
10,3,3,11.506504897167305,20363358
10,3,3,10.486819867088867,20363359
10,3,3,9.441452092939569,20363360
10,3,3,9.392661928770137,20363361
10,3,3,9.608310798322087,20363362
10,3,3,9.084777149000837,20363363
10,3,3,9.422220731011683,20363364
10,3,3,9.625095526991439,20363365
10,3,3,9.757305042358047,20363366
10,3,3,10.65678865591582,20363367
10,4,4,9.777924329560783,20364318
10,4,3,9.846917201047734,20364319
10,4,4,9.658864969544794,20364320
10,4,4,9.21830854162536,20364321
10,4,4,7.951559331155252,20364322
10,4,4,9.006999447958153,20364323
10,4,4,8.958025443361693,20364324
10,4,3,12.619505923287514,20364325
10,4,3,11.05089000537367,20364326
10,4,3,11.233211562167625,20364327
10,4,4,7.291656209174461,20364328
10,4,2,11.654425027243928,20364329
10,4,4,10.82774645405946,20364330
10,4,2,13.02497103139568,20364331
10,4,3,10.86283777387073,20364332
10,4,4,8.776475789346321,20364333
10,4,4,8.40737832540903,20364334
10,4,4,8.85366542803745,20364335
10,4,3,11.127851046509798,20364336
10,4,4,9.842143922295076,20364337
10,4,2,11.297750083305196,20364338
10,4,4,9.035986984831405,20364339
10,4,4,9.980448593672257,20364340
10,4,4,9.21830854162536,20364341
10,4,4,7.392647520721623,20364342
10,4,3,11.46771887213215,20364343
10,4,2,11.469600340231855,20364344
10,4,4,9.21830854162536,20364345
10,4,4,8.548691858475609,20364346
10,4,3,10.520833019679792,20364347
10,4,4,9.315240781801553,20364348
10,4,4,10.268130666124037,20364349
10,4,2,12.14950229404178,20364350
10,4,3,12.71481610309184,20364351
10,4,3,10.77645315967191,20364352
10,4,4,9.210340371976184,20364353
10,4,3,12.21404081517935,20364354
10,4,4,9.144200569471638,20364355
10,4,3,11.010068010853415,20364356
10,4,4,9.777924329560783,20364357
10,4,4,7.659171367666058,20364358
10,4,3,10.406079371375014,20364359
10,4,3,9.899479531138589,20364360
10,4,3,9.084777149000837,20364361
10,4,3,9.526609901279876,20364362
10,4,3,10.985970459274354,20364363
10,4,4,8.977146484808472,20364364
10,4,3,11.05089000537367,20364365
10,4,2,12.21404081517935,20364366
10,4,3,8.384804003370492,20364367
10,5,4,11.233211562167625,20365318
10,5,3,10.82774645405946,20365319
10,5,3,10.523257263291297,20365320
10,5,4,10.426735696300677,20365321
10,5,5,8.026170194946426,20365322
10,5,4,8.451053388911692,20365323
10,5,4,9.902487052202545,20365324
10,5,3,11.297750083305196,20365325
10,5,4,8.4368504387337,20365326
10,5,3,10.82774645405946,20365327
10,5,3,11.415533118961578,20365328
10,5,3,11.58319751795556,20365329
10,5,3,10.88668898969291,20365330
10,5,3,11.297750083305196,20365331
10,5,3,11.090110718526951,20365332
10,5,5,8.019612794400267,20365333
10,5,3,11.184421397998193,20365334
10,5,2,12.619505923287514,20365335
10,5,4,9.188094763028863,20365336
10,5,4,8.90815361332152,20365337
10,5,3,9.163248764442333,20365338
10,5,5,8.237479288613633,20365339
10,5,3,10.722385938401633,20365340
10,5,4,9.021598247379305,20365341
10,5,3,11.520893634619405,20365342
10,5,3,11.415533118961578,20365343
10,5,3,10.722385938401633,20365344
10,5,4,10.81335771660736,20365345
10,5,4,10.31692083029347,20365346
10,5,3,11.520893634619405,20365347
10,5,2,13.31265310384746,20365348
10,5,3,10.745916435811829,20365349
10,5,5,6.946975992135418,20365350
10,5,2,12.396362371973305,20365351
10,5,4,10.029238757841688,20365352
10,5,4,8.389359819906353,20365353
10,5,4,9.574983485564092,20365354
10,5,5,7.22983877815125,20365355
10,5,4,10.54006438160768,20365356
10,5,4,9.47654341275084,20365357
10,5,4,9.523690191176541,20365358
10,5,4,10.549543125562224,20365359
10,5,5,7.649692623711514,20365360
10,5,3,12.108680299521524,20365361
10,5,5,7.635303886259415,20365362
10,5,5,6.148468295917647,20365363
10,5,5,7.3901814282264295,20365364
10,5,2,13.31265310384746,20365365
10,5,3,10.59563423276249,20365366
10,5,4,9.112948025967533,20365367
10,6,4,11.233211562167625,20366318
10,6,3,12.619505923287514,20366319
10,6,3,10.52567564415558,20366320
10,6,2,12.437184366493561,20366321
10,6,2,12.842649474601725,20366322
10,6,4,9.244741798693514,20366323
10,6,3,10.798758917186207,20366324
10,6,3,11.010068010853415,20366325
10,6,4,8.803874763534434,20366326
10,6,3,10.407892608499196,20366327
10,6,3,11.70321519141336,20366328
10,6,4,9.955130785687967,20366329
10,6,4,8.856518497019858,20366330
10,6,3,10.992049505350737,20366331
10,6,3,11.926358742727569,20366332
10,6,5,9.153770020487789,20366333
10,6,4,10.722385938401633,20366334
10,6,4,8.575462099540212,20366335
10,6,3,9.343121483210002,20366336
10,6,3,10.422281345951296,20366337
10,6,3,10.967508396434619,20366338
10,6,3,10.60460290274525,20366339
10,6,4,8.969541885423252,20366340
10,6,3,10.969059987126037,20366341
10,6,4,9.21830854162536,20366342
10,6,3,11.926358742727569,20366343
10,6,3,12.801827480081469,20366344
10,6,4,9.635608107380527,20366345
10,6,6,7.272398392570047,20366346
10,6,5,8.642944396721798,20366347
10,6,4,9.170559501964338,20366348
10,6,3,12.396362371973305,20366349
10,6,3,10.242812858139747,20366350
10,6,3,10.16199824768763,20366351
10,6,3,11.520893634619405,20366352
10,6,3,10.722385938401633,20366353
10,6,6,5.4638318050256105,20366354
10,6,5,7.495541943884256,20366355
10,6,3,10.876536618228892,20366356
10,6,4,10.722385938401633,20366357
10,6,5,8.525161361065415,20366358
10,6,4,10.54006438160768,20366359
10,6,5,7.585788821732034,20366360
10,6,5,8.917310693197807,20366361
10,6,5,9.144200569471638,20366362
10,6,3,9.913685377512573,20366363
10,6,4,9.104979856318357,20366364
10,6,2,12.14950229404178,20366365
10,6,4,9.21830854162536,20366366
10,6,3,11.233211562167625,20366367
12,2,2,15.508024112534358,20382318
12,2,2,15.171143629326538,20382319
12,2,2,14.630060880348758,20382320
12,2,2,16.28233470020151,20382321
12,2,2,15.208939407984763,20382322
12,2,2,14.893262780444715,20382323
12,2,2,15.777761888232705,20382324
12,2,2,14.029602062847031,20382325
12,2,2,15.606597801299124,20382326
12,2,2,15.861540083298868,20382327
12,2,2,15.873031591220121,20382328
12,2,2,15.30234141786007,20382329
12,2,2,15.468063130750673,20382330
12,2,2,15.292734609447688,20382331
12,2,2,14.150392960039445,20382332
12,2,2,15.69374125832945,20382333
12,2,2,15.777316553110671,20382334
12,2,2,15.248890774601472,20382335
12,2,2,16.261967397377074,20382336
12,2,2,14.414214083179111,20382337
12,2,2,14.761015955201767,20382338
12,2,2,15.066491940377212,20382339
12,2,2,15.498329778595783,20382340
12,2,2,15.464323017872395,20382341
12,2,2,17.01501271951809,20382342
12,2,2,15.911868212020423,20382343
12,2,2,15.954427826439218,20382344
12,2,2,15.925083553423441,20382345
12,2,2,15.801882408070517,20382346
12,2,2,16.19238646353857,20382347
12,2,2,15.40120480741287,20382348
12,2,2,16.29435889316831,20382349
12,2,2,14.891959033930663,20382350
12,2,2,14.33460430638844,20382351
12,2,2,14.989527121080261,20382352
12,2,2,15.623536999656201,20382353
12,2,2,14.489786797073961,20382354
12,2,2,15.879956221397594,20382355
12,2,2,15.029235653732888,20382356
12,2,2,16.621108433811,20382357
12,2,2,14.872884098615787,20382358
12,2,2,15.918301371331589,20382359
12,2,2,15.633873008986862,20382360
12,2,2,15.605187860988005,20382361
12,2,2,15.487156778697582,20382362
12,2,2,15.190845078847822,20382363
12,2,2,17.90777295398205,20382364
12,2,2,14.426842293813804,20382365
12,2,2,15.225833896883525,20382366
12,2,2,14.483394288036893,20382367
12,3,3,14.158930035100557,20383318
12,3,3,16.703800149656114,20383319
12,3,3,13.376819531957482,20383320
12,3,3,13.70158009162338,20383321
12,3,3,14.37982386668075,20383322
12,3,3,11.657891235220415,20383323
12,3,3,12.707690003044943,20383324
12,3,3,14.596822450167673,20383325
12,3,3,12.865249306518965,20383326
12,3,3,14.931687677811857,20383327
12,3,3,13.476956155138737,20383328
12,3,3,14.76741241935281,20383329
12,3,3,15.728247953745232,20383330
12,3,3,13.279079905482888,20383331
12,3,3,13.994426321623395,20383332
12,3,3,15.892869933439785,20383333
12,3,3,13.37159563948091,20383334
12,3,3,13.787703500521514,20383335
12,3,3,15.378068161294156,20383336
12,3,3,14.863250516258628,20383337
12,3,3,13.178600033222516,20383338
12,3,3,12.457920264972739,20383339
12,3,3,11.888178757670154,20383340
12,3,3,14.553095587954788,20383341
12,3,3,14.057307841553337,20383342
12,3,3,14.85229850544037,20383343
12,3,3,15.904704391086788,20383344
12,3,3,14.866024443141352,20383345
12,3,3,15.333254145504362,20383346
12,3,3,12.774161011027102,20383347
12,3,3,13.556998862812273,20383348
12,3,3,14.521020997507618,20383349
12,3,3,16.125492228708538,20383350
12,3,3,15.605187860988005,20383351
12,3,3,12.293478944527841,20383352
12,3,3,14.32425401552594,20383353
12,3,3,14.71157082703369,20383354
12,3,3,14.794257644771676,20383355
12,3,3,13.806477885933427,20383356
12,3,3,14.757890000600801,20383357
12,3,3,13.725944648205088,20383358
12,3,3,14.457785408150462,20383359
12,3,3,13.368848385005771,20383360
12,3,3,13.823169155891545,20383361
12,3,3,13.444255553924606,20383362
12,3,3,11.984777385073581,20383363
12,3,3,13.156648855370879,20383364
12,3,3,13.535129766173966,20383365
12,3,3,14.012474391495099,20383366
12,3,3,12.958695552885228,20383367
12,4,4,13.041760512872228,20384318
12,4,3,14.969860251316886,20384319
12,4,3,15.793517201988756,20384320
12,4,3,15.514562457657819,20384321
12,4,4,13.575627682645766,20384322
12,4,4,12.394773809288168,20384323
12,4,3,14.836649834461449,20384324
12,4,4,13.79903965430785,20384325
12,4,3,14.611936087977721,20384326
12,4,4,11.9778662998735,20384327
12,4,4,12.872978514884892,20384328
12,4,3,14.273795794255811,20384329
12,4,4,13.443820593542638,20384330
12,4,3,14.58661827999343,20384331
12,4,4,11.459524688243112,20384332
12,4,4,13.972555331573435,20384333
12,4,4,10.77645315967191,20384334
12,4,4,11.726745688823554,20384335
12,4,4,13.051288339713052,20384336
12,4,4,13.918788907417776,20384337
12,4,4,12.083226815531328,20384338
12,4,4,12.145473023401244,20384339
12,4,4,12.848347495716363,20384340
12,4,4,11.452538314955133,20384341
12,4,4,12.54838493863307,20384342
12,4,2,15.805858556450156,20384343
12,4,3,15.07895908908532,20384344
12,4,4,11.34355961933649,20384345
12,4,3,13.251495105684164,20384346
12,4,3,14.993303644506826,20384347
12,4,4,12.585850646702353,20384348
12,4,4,11.513725145140793,20384349
12,4,3,15.69615963919373,20384350
12,4,4,12.919610515737853,20384351
12,4,4,13.419262838905718,20384352
12,4,4,15.393878767320798,20384353
12,4,4,13.32849911229754,20384354
12,4,3,15.017401196085885,20384355
12,4,4,13.941854180348772,20384356
12,4,3,13.199235525700717,20384357
12,4,3,13.164272780481538,20384358
12,4,3,13.680927183629544,20384359
12,4,4,13.839281770586283,20384360
12,4,3,15.585147110104558,20384361
12,4,3,15.71054837664583,20384362
12,4,4,12.554162845777014,20384363
12,4,3,14.549553970288821,20384364
12,4,4,11.586770545428099,20384365
12,4,4,11.274033556687879,20384366
12,4,3,14.01193223913701,20384367
12,5,4,15.282508946499128,20385318
12,5,5,10.481223881584746,20385319
12,5,5,9.54652685348758,20385320
12,5,5,9.714020527581303,20385321
12,5,4,12.91548679855399,20385322
12,5,5,10.82774645405946,20385323
12,5,4,11.462053134596472,20385324
12,5,3,15.605187860988005,20385325
12,5,5,9.737669067841187,20385326
12,5,4,11.946472557205349,20385327
12,5,2,16.52147859286216,20385328
12,5,3,15.017401196085885,20385329
12,5,4,12.285253443404615,20385330
12,5,4,13.238064246856387,20385331
12,5,4,11.188717711168998,20385332
12,5,2,16.465999440541932,20385333
12,5,4,13.616718097513896,20385334
12,5,3,15.169508974283344,20385335
12,5,4,14.640106964944417,20385336
12,5,5,8.787525625532906,20385337
12,5,4,14.899618160429503,20385338
12,5,4,12.747605925914831,20385339
12,5,5,12.065154034471634,20385340
12,5,4,14.640106964944417,20385341
12,5,4,13.960960639982323,20385342
12,5,5,10.408134125225404,20385343
12,5,4,13.156903924878703,20385344
12,5,3,16.403695557205776,20385345
12,5,3,14.898277977070546,20385346
12,5,3,12.978733162902392,20385347
12,5,5,12.879119154383115,20385348
12,5,5,14.457785408150462,20385349
12,5,4,13.478587819882515,20385350
12,5,4,13.073761195565112,20385351
12,5,3,15.543115432345626,20385352
12,5,3,15.333254145504362,20385353
12,5,5,12.703642802493714,20385354
12,5,5,9.758692967632895,20385355
12,5,5,9.345570321236286,20385356
12,5,3,14.592097745758057,20385357
12,5,4,11.905183745591112,20385358
12,5,4,14.225222634919762,20385359
12,5,4,12.71481610309184,20385360
12,5,5,11.102126155271362,20385361
12,5,3,15.71054837664583,20385362
12,5,3,15.986254258050897,20385363
12,5,3,15.605187860988005,20385364
12,5,2,17.656458525701144,20385365
12,5,4,13.813428391759949,20385366
12,5,3,14.770160093192615,20385367
12,6,6,10.363440845928363,20386318
12,6,2,16.626839108519984,20386319
12,6,5,12.720750838611654,20386320
12,6,4,12.129623473366767,20386321
12,6,5,11.53460867580137,20386322
12,6,4,13.399376741031263,20386323
12,6,5,12.560665423264581,20386324
12,6,4,13.602119298092743,20386325
12,6,4,12.468683033552932,20386326
12,6,3,15.066191360255317,20386327
12,6,5,12.820176618749667,20386328
12,6,4,13.407963283651785,20386329
12,6,3,16.02640132606431,20386330
12,6,3,14.863250516258628,20386331
12,6,4,13.541494676276308,20386332
12,6,4,11.842286764413497,20386333
12,6,3,15.093406460212888,20386334
12,6,5,9.369393301830783,20386335
12,6,6,7.965545573129992,20386336
12,6,3,15.223253250290034,20386337
12,6,4,13.040719388363819,20386338
12,6,4,11.680742335561302,20386339
12,6,5,14.506575572319894,20386340
12,6,4,14.147630479846624,20386341
12,6,6,8.719317375506371,20386342
12,6,4,13.863729130234749,20386343
12,6,3,16.52147859286216,20386344
12,6,4,15.42286630419405,20386345
12,6,5,12.05585422423052,20386346
12,6,3,15.02451866385475,20386347
12,6,4,13.181839104199437,20386348
12,6,4,12.346790652469053,20386349
12,6,4,13.904400169965676,20386350
12,6,4,13.417120363528072,20386351
12,6,4,11.347814944906629,20386352
12,6,3,14.611936087977721,20386353
12,6,2,17.396947330216058,20386354
12,6,4,13.918788907417776,20386355
12,6,5,10.2328272702548,20386356
12,6,3,14.50816161547553,20386357
12,6,3,14.611936087977721,20386358
12,6,5,10.801695776859518,20386359
12,6,4,14.10111046421173,20386360
12,6,4,12.621290045081016,20386361
12,6,5,11.766264508999463,20386362
12,6,5,11.1176878770175,20386363
12,6,6,9.338733586744581,20386364
12,6,5,10.89027402602198,20386365
12,6,4,13.764638227590517,20386366
12,6,4,14.352424892492637,20386367
14,2,2,19.80168718865319,20402318
14,2,2,18.8771630456691,20402319
14,2,2,19.789692131181685,20402320
14,2,2,19.70249660032842,20402321
14,2,2,20.660463126816857,20402322
14,2,2,18.873279177764164,20402323
14,2,2,18.897161327371283,20402324
14,2,2,20.423447181212275,20402325
14,2,2,19.59242973324268,20402326
14,2,2,19.8698811694771,20402327
14,2,2,19.072533630976434,20402328
14,2,2,18.63521918527796,20402329
14,2,2,20.494152099484023,20402330
14,2,2,18.80047967571072,20402331
14,2,2,19.762197171131504,20402332
14,2,2,19.30100076146118,20402333
14,2,2,19.07311488238986,20402334
14,2,2,19.449321982873123,20402335
14,2,2,19.9840265491857,20402336
14,2,2,19.276186388136125,20402337
14,2,2,20.581933987712095,20402338
14,2,2,19.96095016948003,20402339
14,2,2,18.99610058730474,20402340
14,2,2,19.005138674761366,20402341
14,2,2,19.302855048652958,20402342
14,2,2,19.25775855711621,20402343
14,2,2,19.712469945152456,20402344
14,2,2,19.384049363458253,20402345
14,2,2,19.13893086266373,20402346
14,2,2,19.88121154897313,20402347
14,2,2,19.044195523569986,20402348
14,2,2,20.420684454983668,20402349
14,2,2,19.213220487312917,20402350
14,2,2,19.541790691720486,20402351
14,2,2,18.12746547154505,20402352
14,2,2,19.21576143067538,20402353
14,2,2,19.41907695053254,20402354
14,2,2,19.05867984154365,20402355
14,2,2,19.384065482333494,20402356
14,2,2,19.173792224835076,20402357
14,2,2,19.46669640505258,20402358
14,2,2,18.562213430677446,20402359
14,2,2,19.112342381639685,20402360
14,2,2,18.607458888722828,20402361
14,2,2,20.721194445094817,20402362
14,2,2,19.824370366398625,20402363
14,2,2,18.446235735806336,20402364
14,2,2,19.69458191805025,20402365
14,2,2,20.086614098509223,20402366
14,2,2,18.448845759790775,20402367
14,3,3,18.983234930562848,20403318
14,3,3,16.40415841303445,20403319
14,3,3,17.171660084276077,20403320
14,3,3,16.667423499057076,20403321
14,3,3,16.986940498713608,20403322
14,3,3,17.966170234104432,20403323
14,3,3,17.613901420846926,20403324
14,3,3,15.64428446214894,20403325
14,3,3,15.311188332028884,20403326
14,3,3,17.41059304678709,20403327
14,3,3,16.639298207639186,20403328
14,3,3,16.62193315458968,20403329
14,3,3,17.104710112334903,20403330
14,3,3,19.006310417553788,20403331
14,3,3,18.346062278442158,20403332
14,3,3,15.33523030609029,20403333
14,3,3,17.866430575301305,20403334
14,3,3,15.285595364438219,20403335
14,3,3,18.66978954161741,20403336
14,3,3,18.38963777848525,20403337
14,3,3,18.297995281012625,20403338
14,3,3,16.14995394326726,20403339
14,3,3,17.202987037093955,20403340
14,3,3,19.305117151288528,20403341
14,3,3,17.180671006196828,20403342
14,3,3,17.43924970990675,20403343
14,3,3,17.284788181460264,20403344
14,3,3,16.622831087122446,20403345
14,3,3,20.845562192235676,20403346
14,3,3,17.064363893519907,20403347
14,3,3,17.49357453509403,20403348
14,3,3,15.210144051664116,20403349
14,3,3,17.075038455716868,20403350
14,3,3,17.010819164748085,20403351
14,3,3,20.771454220081953,20403352
14,3,3,16.858246257564243,20403353
14,3,3,16.21848889009977,20403354
14,3,3,20.158983527717446,20403355
14,3,3,16.20337588037629,20403356
14,3,3,20.283711766498836,20403357
14,3,3,17.0208041606392,20403358
14,3,3,16.064784743610552,20403359
14,3,3,17.2147015281284,20403360
14,3,3,17.90851986245975,20403361
14,3,3,17.01484631306505,20403362
14,3,3,17.29737765069225,20403363
14,3,3,16.556113134346198,20403364
14,3,3,18.209881191035453,20403365
14,3,3,15.31070057875064,20403366
14,3,2,20.691411512408415,20403367
14,4,4,12.92063879346342,20404318
14,4,4,14.529225759106723,20404319
14,4,4,16.019342811997454,20404320
14,4,4,15.244605754406859,20404321
14,4,3,17.578179083388463,20404322
14,4,4,16.732608631432033,20404323
14,4,4,18.00407743575364,20404324
14,4,4,14.550636184097112,20404325
14,4,4,13.142607083881371,20404326
14,4,4,17.333759685733558,20404327
14,4,4,15.490700255233799,20404328
14,4,4,14.21226584546817,20404329
14,4,4,14.519138621678929,20404330
14,4,4,14.401061391924816,20404331
14,4,4,16.946041870339737,20404332
14,4,4,14.354597054647204,20404333
14,4,4,14.572298043886754,20404334
14,4,3,20.357285007255154,20404335
14,4,4,16.908865698634884,20404336
14,4,4,12.941321002108754,20404337
14,4,4,17.56089732232955,20404338
14,4,4,14.34072654203819,20404339
14,4,4,17.62069675855577,20404340
14,4,3,17.522650961403297,20404341
14,4,4,16.04249197618352,20404342
14,4,4,13.387763030415341,20404343
14,4,3,18.19658023490012,20404344
14,4,3,18.657802842545046,20404345
14,4,4,15.538817723857798,20404346
14,4,4,16.730430636198367,20404347
14,4,3,17.065643470326254,20404348
14,4,4,15.435978614083371,20404349
14,4,4,18.5780684190529,20404350
14,4,4,15.937442461665015,20404351
14,4,4,16.116713295945736,20404352
14,4,4,17.004694221298976,20404353
14,4,3,18.003052524196388,20404354
14,4,4,15.178647851940209,20404355
14,4,3,20.645741475575228,20404356
14,4,4,17.261811315937866,20404357
14,4,3,17.824799937690965,20404358
14,4,3,18.37584570794165,20404359
14,4,4,15.291209056138852,20404360
14,4,3,18.154356794268523,20404361
14,4,4,16.27543165225832,20404362
14,4,3,19.191788465981524,20404363
14,4,4,17.688991717356704,20404364
14,4,4,15.83318121174065,20404365
14,4,2,20.468267961094206,20404366
14,4,3,17.89459517725801,20404367
14,5,4,16.256624137287066,20405318
14,5,4,18.141966341482846,20405319
14,5,4,17.198320726159324,20405320
14,5,5,13.92525066917741,20405321
14,5,5,15.848240398972148,20405322
14,5,3,20.781023671098104,20405323
14,5,4,15.294803337917918,20405324
14,5,4,18.9052908769374,20405325
14,5,5,13.971898732731724,20405326
14,5,5,12.331700386424194,20405327
14,5,4,17.52759566603481,20405328
14,5,3,16.833777409909892,20405329
14,5,5,15.59417060314591,20405330
14,5,3,19.34879221479119,20405331
14,5,5,16.219139362610406,20405332
14,5,5,15.932226207852295,20405333
14,5,5,13.071537342255228,20405334
14,5,5,15.47748627006788,20405335
14,5,4,17.987815661655585,20405336
14,5,4,18.83511352204279,20405337
14,5,5,14.991802148276182,20405338
14,5,5,14.843528693778458,20405339
14,5,4,17.20113450069257,20405340
14,5,3,19.77027273822133,20405341
14,5,4,17.69518308404395,20405342
14,5,5,15.281783624709615,20405343
14,5,4,18.290834074390105,20405344
14,5,4,15.937764432127006,20405345
14,5,5,12.649257340665352,20405346
14,5,5,16.30141670808536,20405347
14,5,5,17.011912526979916,20405348
14,5,3,19.005166767726607,20405349
14,5,4,17.909362598917685,20405350
14,5,4,13.460264592549233,20405351
14,5,5,17.700133589203805,20405352
14,5,4,14.60066063711647,20405353
14,5,4,14.484317913696927,20405354
14,5,4,16.22339036445123,20405355
14,5,4,19.31695160893553,20405356
14,5,3,18.400125974668303,20405357
14,5,3,18.511886512171596,20405358
14,5,5,16.798222838067986,20405359
14,5,4,19.180053209763102,20405360
14,5,5,14.696937344175698,20405361
14,5,4,17.226646389220896,20405362
14,5,4,18.353720605063916,20405363
14,5,4,18.17013721844954,20405364
14,5,3,20.180709888890586,20405365
14,5,4,18.644183590712235,20405366
14,5,5,15.696280404848126,20405367
14,6,4,18.844592265997335,20406318
14,6,5,15.669963096530752,20406319
14,6,5,16.6410009804132,20406320
14,6,4,16.0092802852842,20406321
14,6,3,19.14367988766149,20406322
14,6,3,19.764649480666964,20406323
14,6,4,16.739084956688156,20406324
14,6,5,17.379826289435947,20406325
14,6,5,16.954499183066957,20406326
14,6,6,13.186081562157998,20406327
14,6,6,13.162583590890694,20406328
14,6,5,12.390558525153505,20406329
14,6,5,17.355031630822733,20406330
14,6,5,15.77769625312411,20406331
14,6,5,15.516752145959783,20406332
14,6,5,13.181024661369024,20406333
14,6,4,17.53007325578273,20406334
14,6,4,17.13772584152988,20406335
14,6,4,17.662626334290422,20406336
14,6,4,17.098923903969546,20406337
14,6,4,17.205840569754816,20406338
14,6,4,19.655522482213662,20406339
14,6,3,19.9337258107109,20406340
14,6,6,13.841363472753377,20406341
14,6,5,13.402561514946365,20406342
14,6,3,19.32106080168566,20406343
14,6,4,16.14124795593254,20406344
14,6,4,14.957592213767322,20406345
14,6,4,18.17013721844954,20406346
14,6,5,14.317808322684193,20406347
14,6,4,18.223034164571626,20406348
14,6,4,16.608366505440248,20406349
14,6,4,18.331047110032088,20406350
14,6,6,15.279765460553376,20406351
14,6,3,18.67650849186615,20406352
14,6,4,15.64835950593549,20406353
14,6,4,16.218035099146306,20406354
14,6,5,15.972407463027306,20406355
14,6,5,15.866990800714403,20406356
14,6,5,13.820139826347937,20406357
14,6,4,18.477046143439534,20406358
14,6,6,12.314200329045113,20406359
14,6,4,19.240578630150953,20406360
14,6,3,19.494359150927053,20406361
14,6,5,16.239541304367272,20406362
14,6,5,18.680962842215532,20406363
14,6,6,14.261195879558803,20406364
14,6,3,19.875109752390177,20406365
14,6,4,15.634262107799666,20406366
14,6,5,16.93799353715691,20406367
16,2,2,25.029088347150456,20422318
16,2,2,24.62434272603555,20422319
16,2,2,23.794834786441488,20422320
16,2,2,23.12040981122708,20422321
16,2,2,22.939090851699923,20422322
16,2,2,24.83618950179297,20422323
16,2,2,23.697169716756203,20422324
16,2,2,23.27150234773651,20422325
16,2,2,23.042079743470854,20422326
16,2,2,24.268263243898108,20422327
16,2,2,23.321159542264034,20422328
16,2,2,23.457908957213004,20422329
16,2,2,22.633029245429853,20422330
16,2,2,23.097474391509373,20422331
16,2,2,24.34925795764172,20422332
16,2,2,23.584195519388196,20422333
16,2,2,23.105865455555346,20422334
16,2,2,23.981186519506227,20422335
16,2,2,23.250886169284104,20422336
16,2,2,23.34445589442265,20422337
16,2,2,23.83017190784602,20422338
16,2,2,23.944647166813912,20422339
16,2,2,23.5148339008007,20422340
16,2,2,22.63066211856271,20422341
16,2,2,22.921101214372936,20422342
16,2,2,24.787948696272878,20422343
16,2,2,25.085012904206256,20422344
16,2,2,23.230916511653852,20422345
16,2,2,23.405918411767825,20422346
16,2,2,23.178635676391043,20422347
16,2,2,23.658201239849987,20422348
16,2,2,23.45112094926376,20422349
16,2,2,23.420013884924646,20422350
16,2,2,22.85797521444929,20422351
16,2,2,22.746694129070608,20422352
16,2,2,24.86549732887782,20422353
16,2,2,24.237136329073333,20422354
16,2,2,23.386972918303215,20422355
16,2,2,25.17208034107608,20422356
16,2,2,23.43919472221261,20422357
16,2,2,22.569099041949837,20422358
16,2,2,23.667293716886302,20422359
16,2,2,23.2649812137466,20422360
16,2,2,23.820416451990305,20422361
16,2,2,23.685450414003697,20422362
16,2,2,23.696426048273008,20422363
16,2,2,24.413290235361398,20422364
16,2,2,23.56010593660195,20422365
16,2,2,23.23317283473361,20422366
16,2,2,23.097277856816316,20422367
16,3,3,20.370071855991473,20423318
16,3,3,18.616433299713297,20423319
16,3,3,19.81248151692192,20423320
16,3,3,20.231207010071824,20423321
16,3,3,22.542796103119823,20423322
16,3,3,20.201190613042346,20423323
16,3,3,20.169879485717527,20423324
16,3,3,20.986948447398436,20423325
16,3,3,21.976365194570896,20423326
16,3,3,23.707763073165143,20423327
16,3,3,22.382447972576575,20423328
16,3,3,18.613658306644684,20423329
16,3,3,21.29634108432149,20423330
16,3,3,21.88504971292359,20423331
16,3,3,22.12711370976183,20423332
16,3,3,19.621178637763947,20423333
16,3,3,20.417681950946818,20423334
16,3,3,20.500826787412535,20423335
16,3,3,20.24825667690783,20423336
16,3,3,23.95473909984745,20423337
16,3,3,22.573078039991064,20423338
16,3,3,19.83636690307811,20423339
16,3,3,25.547896126677415,20423340
16,3,3,22.16028677189809,20423341
16,3,3,20.49349291986503,20423342
16,3,3,21.84773641950998,20423343
16,3,3,20.22876056215494,20423344
16,3,3,19.186889818288208,20423345
16,3,3,18.76967426112725,20423346
16,3,3,24.705217212146504,20423347
16,3,3,22.142989389997684,20423348
16,3,3,21.226513701883,20423349
16,3,3,20.99550414603671,20423350
16,3,3,19.568495016742332,20423351
16,3,3,19.898231844411832,20423352
16,3,3,20.508639835594376,20423353
16,3,3,19.46620284056834,20423354
16,3,3,21.020070769278792,20423355
16,3,3,19.59989189330456,20423356
16,3,3,21.34366821919346,20423357
16,3,3,21.126146381278563,20423358
16,3,3,21.601913941418708,20423359
16,3,3,21.86394131177764,20423360
16,3,3,19.091085668738987,20423361
16,3,3,20.645891884974336,20423362
16,3,3,23.66881531507005,20423363
16,3,3,21.55926166934935,20423364
16,3,3,24.10835725103871,20423365
16,3,3,22.292472780170385,20423366
16,3,3,20.54662881572162,20423367
16,4,4,21.081448124272082,20424318
16,4,4,22.339963096445736,20424319
16,4,4,19.569992382657997,20424320
16,4,3,25.528968116791894,20424321
16,4,4,19.877416718625454,20424322
16,4,4,17.617999550799343,20424323
16,4,4,21.99346143322917,20424324
16,4,4,19.10668245635144,20424325
16,4,4,17.98880476915038,20424326
16,4,4,21.008880894594235,20424327
16,4,4,19.08826885665797,20424328
16,4,3,22.666574204301167,20424329
16,4,4,18.571419988588797,20424330
16,4,4,21.63558054691104,20424331
16,4,4,19.271393566712366,20424332
16,4,4,19.808981490933323,20424333
16,4,4,17.737946361548524,20424334
16,4,4,19.330217068086245,20424335
16,4,4,19.52076794440315,20424336
16,4,3,23.63920553154207,20424337
16,4,3,22.538423813479,20424338
16,4,4,22.65892490272708,20424339
16,4,4,19.458727090332363,20424340
16,4,4,18.80368099617647,20424341
16,4,4,20.575246641093372,20424342
16,4,4,22.018171184830145,20424343
16,4,4,20.374277934708722,20424344
16,4,4,23.60396213820803,20424345
16,4,4,20.444271675068155,20424346
16,4,4,25.414364734052892,20424347
16,4,4,16.287923485218876,20424348
16,4,4,17.617810657442472,20424349
16,4,4,18.525293159853334,20424350
16,4,4,19.55614915746524,20424351
16,4,4,18.946013114207116,20424352
16,4,4,18.570119540271428,20424353
16,4,4,21.71366198097101,20424354
16,4,4,19.39465183343012,20424355
16,4,4,17.864495275736996,20424356
16,4,4,19.683374965325424,20424357
16,4,4,16.04828072739341,20424358
16,4,4,19.961263375433504,20424359
16,4,4,19.444895008149235,20424360
16,4,4,18.460548939751202,20424361
16,4,4,21.430377932587014,20424362
16,4,4,19.795638123663426,20424363
16,4,4,24.139128909705466,20424364
16,4,4,18.732724447396883,20424365
16,4,3,21.660444912395818,20424366
16,4,4,22.028915709358873,20424367
16,5,4,21.355088985159387,20425318
16,5,5,20.283383181990985,20425319
16,5,3,22.930880833101366,20425320
16,5,5,16.175727374991546,20425321
16,5,5,18.48450701149756,20425322
16,5,5,19.891140135056887,20425323
16,5,4,23.57400952619798,20425324
16,5,5,14.46866560790498,20425325
16,5,5,17.183920250134495,20425326
16,5,3,21.111873493268096,20425327
16,5,5,17.23495641868316,20425328
16,5,5,16.969185968024945,20425329
16,5,5,16.678470008250102,20425330
16,5,5,17.805475456669107,20425331
16,5,5,16.93172089897848,20425332
16,5,5,18.82565933372968,20425333
16,5,5,18.343091025239897,20425334
16,5,4,19.200454767578247,20425335
16,5,4,18.433110058989566,20425336
16,5,5,16.556503344414235,20425337
16,5,5,19.951744316213578,20425338
16,5,5,18.161657962507057,20425339
16,5,5,17.21447184142126,20425340
16,5,5,18.726899937402557,20425341
16,5,5,17.665109924314404,20425342
16,5,5,19.23791425261513,20425343
16,5,4,20.334493584626912,20425344
16,5,5,16.08146486105653,20425345
16,5,5,17.871414870392318,20425346
16,5,3,23.554585945256417,20425347
16,5,4,20.17798788916784,20425348
16,5,5,19.10774787843543,20425349
16,5,5,18.177791523719815,20425350
16,5,3,25.87239217225191,20425351
16,5,4,17.840123118467105,20425352
16,5,4,21.637555207432253,20425353
16,5,5,19.395996022911753,20425354
16,5,5,19.44994809916698,20425355
16,5,4,20.49185266639166,20425356
16,5,5,16.648863186437612,20425357
16,5,4,20.244209282954166,20425358
16,5,5,20.53156281146652,20425359
16,5,4,20.056863405805405,20425360
16,5,5,17.38502793038457,20425361
16,5,5,20.72295987014334,20425362
16,5,5,14.707121637164077,20425363
16,5,4,21.71046197824034,20425364
16,5,5,18.859158101757732,20425365
16,5,5,16.048874181916368,20425366
16,5,4,18.84438824321323,20425367
16,6,6,18.139441869447445,20426318
16,6,3,25.453585447206173,20426319
16,6,4,19.61614210045626,20426320
16,6,5,18.618741126419035,20426321
16,6,4,22.241549682561224,20426322
16,6,4,22.65828165772316,20426323
16,6,5,18.908004509898046,20426324
16,6,5,18.494062052149776,20426325
16,6,5,19.28832696504912,20426326
16,6,5,21.325362424766276,20426327
16,6,6,17.92162557578529,20426328
16,6,5,19.799233616928884,20426329
16,6,5,19.814543194700093,20426330
16,6,5,21.33576852879893,20426331
16,6,5,17.345043457039953,20426332
16,6,6,18.826995411083047,20426333
16,6,4,21.459698688282433,20426334
16,6,3,23.04872150509171,20426335
16,6,5,19.482809944749196,20426336
16,6,4,24.286309268973945,20426337
16,6,6,15.111096534758653,20426338
16,6,5,19.746019278413552,20426339
16,6,5,20.0492245704461,20426340
16,6,4,20.018883619051206,20426341
16,6,5,22.756683879706525,20426342
16,6,6,19.939753414200574,20426343
16,6,5,19.259708760391277,20426344
16,6,4,21.803249036652787,20426345
16,6,6,17.80058296402839,20426346
16,6,5,21.193268466191647,20426347
16,6,5,20.141220864932578,20426348
16,6,4,19.833892236706404,20426349
16,6,4,19.000339892110233,20426350
16,6,5,21.591555264619277,20426351
16,6,4,20.314551214881917,20426352
16,6,5,18.50016304847554,20426353
16,6,6,13.95457486574465,20426354
16,6,5,18.58031078462621,20426355
16,6,4,23.274917821067547,20426356
16,6,4,20.571346904916393,20426357
16,6,5,16.97578052194629,20426358
16,6,3,23.895173699466568,20426359
16,6,4,22.913130597149532,20426360
16,6,6,17.42024289281958,20426361
16,6,6,17.72677807808525,20426362
16,6,5,19.52601465846088,20426363
16,6,4,21.666644779916023,20426364
16,6,4,22.63732166146373,20426365
16,6,4,19.72294261315918,20426366
16,6,5,21.96790940413367,20426367
18,2,2,27.4660918824181,20442318
18,2,2,29.354770994148062,20442319
18,2,2,28.54931512046586,20442320
18,2,2,27.50046772260197,20442321
18,2,2,27.821407761190112,20442322
18,2,2,27.992618226455754,20442323
18,2,2,27.63573407469445,20442324
18,2,2,28.109738026087676,20442325
18,2,2,27.860509625061212,20442326
18,2,2,27.432996963386824,20442327
18,2,2,28.15955880617515,20442328
18,2,2,30.149744250606155,20442329
18,2,2,27.682915213861897,20442330
18,2,2,30.5067868967778,20442331
18,2,2,27.858915479047173,20442332
18,2,2,27.331406532259496,20442333
18,2,2,28.555309042630647,20442334
18,2,2,28.08585355272323,20442335
18,2,2,27.823019140256754,20442336
18,2,2,28.567896631628816,20442337
18,2,2,27.620739111932963,20442338
18,2,2,27.63688166424629,20442339
18,2,2,27.899309253921935,20442340
18,2,2,27.242287823019158,20442341
18,2,2,27.567132378311133,20442342
18,2,2,27.666696968527376,20442343
18,2,2,27.043451185604994,20442344
18,2,2,29.061716816721624,20442345
18,2,2,30.1636791153049,20442346
18,2,2,27.448172627255172,20442347
18,2,2,27.603892362275133,20442348
18,2,2,28.046680415688073,20442349
18,2,2,27.979463723004436,20442350
18,2,2,29.80342009151173,20442351
18,2,2,28.524910222170075,20442352
18,2,2,27.961319680766543,20442353
18,2,2,27.05002116460258,20442354
18,2,2,28.162365668992233,20442355
18,2,2,27.64269010224301,20442356
18,2,2,28.145462195973575,20442357
18,2,2,28.31273461334209,20442358
18,2,2,27.127343966508867,20442359
18,2,2,28.99274792244599,20442360
18,2,2,28.576843928239455,20442361
18,2,2,29.214960235977056,20442362
18,2,2,27.878889936623597,20442363
18,2,2,28.64850570912868,20442364
18,2,2,28.460775359356386,20442365
18,2,2,27.508408693369205,20442366
18,2,2,28.77950161149202,20442367
18,3,3,23.53960189823076,20443318
18,3,3,24.910152533831905,20443319
18,3,3,24.073144322489785,20443320
18,3,3,24.00428290382337,20443321
18,3,3,25.809040129266297,20443322
18,3,3,25.15626208306817,20443323
18,3,3,24.57086817669176,20443324
18,3,3,24.757106019210234,20443325
18,3,3,23.78387404708198,20443326
18,3,3,25.21390582192051,20443327
18,3,3,23.495619004570383,20443328
18,3,3,24.951651485652047,20443329
18,3,3,23.74545987176057,20443330
18,3,3,26.81936839235663,20443331
18,3,3,23.76428354885829,20443332
18,3,3,23.11628002826122,20443333
18,3,3,26.97147797155894,20443334
18,3,3,26.385040936296072,20443335
18,3,3,24.06710305943116,20443336
18,3,3,23.376731595664786,20443337
18,3,3,27.795664716760793,20443338
18,3,3,25.63002497448229,20443339
18,3,3,23.83121265162922,20443340
18,3,3,24.1905076790002,20443341
18,3,3,23.853031551777406,20443342
18,3,3,24.335530391542296,20443343
18,3,3,25.52162924443905,20443344
18,3,3,26.650212631469156,20443345
18,3,3,22.548471113792377,20443346
18,3,3,25.228869596276645,20443347
18,3,3,24.59429634231906,20443348
18,3,3,25.28948105243971,20443349
18,3,3,23.061979926737312,20443350
18,3,3,26.740740505080947,20443351
18,3,3,24.455096785609094,20443352
18,3,3,24.015240405874657,20443353
18,3,3,23.52414034274532,20443354
18,3,3,24.64651775003458,20443355
18,3,3,25.046056665246827,20443356
18,3,3,23.254866798996947,20443357
18,3,3,22.97954313715613,20443358
18,3,3,28.563974317962046,20443359
18,3,3,25.14827307521071,20443360
18,3,3,25.209093875409618,20443361
18,3,3,23.31034464016305,20443362
18,3,3,24.63341146616614,20443363
18,3,3,25.972382711183936,20443364
18,3,3,25.081844885219315,20443365
18,3,3,26.79406301075702,20443366
18,3,3,25.888500224420397,20443367
18,4,4,27.398133392796936,20444318
18,4,4,23.552038608236906,20444319
18,4,4,23.393765508945133,20444320
18,4,4,21.26678009157695,20444321
18,4,4,22.477044502895136,20444322
18,4,4,19.31227806363583,20444323
18,4,3,28.674561577759146,20444324
18,4,4,22.13630978923468,20444325
18,4,4,23.092197235238633,20444326
18,4,4,22.443608837289393,20444327
18,4,4,20.60062478019086,20444328
18,4,4,22.903491029009565,20444329
18,4,4,21.886095783405953,20444330
18,4,4,22.229568867162133,20444331
18,4,4,24.13687156013624,20444332
18,4,4,22.39209544939053,20444333
18,4,4,19.208866140064984,20444334
18,4,4,23.039312554327452,20444335
18,4,4,23.73455626038032,20444336
18,4,4,24.293907143481242,20444337
18,4,4,23.031459847312746,20444338
18,4,4,24.47087697755759,20444339
18,4,4,23.68599566719528,20444340
18,4,4,24.433868602073844,20444341
18,4,4,26.417695734440702,20444342
18,4,4,22.124887224787315,20444343
18,4,4,24.56022914253014,20444344
18,4,4,23.050916249652264,20444345
18,4,4,20.500583869086167,20444346
18,4,4,25.428899345733928,20444347
18,4,4,22.29246410026425,20444348
18,4,4,23.89650839164758,20444349
18,4,4,20.763135212749503,20444350
18,4,4,24.278409041339756,20444351
18,4,4,25.08660121049738,20444352
18,4,4,23.893069364953494,20444353
18,4,4,20.0181385081271,20444354
18,4,4,20.261315630858526,20444355
18,4,4,21.254125049570202,20444356
18,4,4,22.059254629401266,20444357
18,4,4,24.954905946316064,20444358
18,4,4,21.900069626091632,20444359
18,4,4,24.8364591599139,20444360
18,4,4,20.43621057600724,20444361
18,4,4,22.09898321446731,20444362
18,4,4,25.875428242936874,20444363
18,4,4,23.158017477938145,20444364
18,4,4,22.98084448279694,20444365
18,4,4,22.19824559167043,20444366
18,4,4,20.96007879871622,20444367
18,5,5,20.36603713971462,20445318
18,5,5,22.201096686901657,20445319
18,5,5,20.56858548886969,20445320
18,5,4,26.00688031400611,20445321
18,5,5,19.702424194928756,20445322
18,5,5,21.693520416663784,20445323
18,5,4,26.40092453903919,20445324
18,5,4,25.246268475767604,20445325
18,5,4,24.070525436960622,20445326
18,5,5,23.405460997780906,20445327
18,5,4,22.93603977395212,20445328
18,5,5,20.896143177189746,20445329
18,5,5,23.868407358570273,20445330
18,5,4,20.965330846264678,20445331
18,5,5,25.04925454979464,20445332
18,5,3,27.06589696574331,20445333
18,5,5,23.45849584339938,20445334
18,5,4,26.208741226208996,20445335
18,5,5,18.699293907884158,20445336
18,5,5,23.0267462320379,20445337
18,5,5,19.33409158893023,20445338
18,5,5,20.354270033412956,20445339
18,5,4,25.18895063687412,20445340
18,5,4,25.435212897354535,20445341
18,5,4,24.920695597123142,20445342
18,5,5,19.781290137385398,20445343
18,5,5,22.578660687103667,20445344
18,5,5,17.795764608763534,20445345
18,5,5,20.074656317180985,20445346
18,5,5,18.88384980817634,20445347
18,5,5,21.15590652521102,20445348
18,5,5,21.92913433211452,20445349
18,5,5,22.70029578063355,20445350
18,5,5,20.9550666854862,20445351
18,5,5,19.490366258607004,20445352
18,5,5,23.375744498058097,20445353
18,5,5,24.153747155893733,20445354
18,5,5,22.750662035731622,20445355
18,5,5,20.499351488644514,20445356
18,5,5,18.93594316655371,20445357
18,5,3,25.82582195849431,20445358
18,5,5,21.784442453527046,20445359
18,5,5,19.449794004486428,20445360
18,5,5,18.671426450541745,20445361
18,5,5,17.447861299934527,20445362
18,5,5,19.34675913206275,20445363
18,5,5,24.093133380688755,20445364
18,5,5,21.13723639891217,20445365
18,5,5,19.84398947257251,20445366
18,5,4,23.666050852437138,20445367
18,6,4,23.890025048550967,20446318
18,6,5,25.453420188108236,20446319
18,6,4,28.006105172672992,20446320
18,6,6,21.12558934338776,20446321
18,6,5,21.115902936856788,20446322
18,6,5,24.305602716935493,20446323
18,6,5,20.999131492213458,20446324
18,6,3,28.160448630394978,20446325
18,6,5,27.99299300096008,20446326
18,6,5,22.863169830117315,20446327
18,6,4,24.54850916793618,20446328
18,6,4,25.16156829108839,20446329
18,6,6,20.044623132054927,20446330
18,6,6,21.51953973208725,20446331
18,6,4,27.362703046591424,20446332
18,6,6,23.93228812404964,20446333
18,6,6,21.851789487058987,20446334
18,6,5,23.60964003122168,20446335
18,6,6,20.339277178042035,20446336
18,6,5,23.433739722551014,20446337
18,6,4,26.02563491381921,20446338
18,6,5,23.51830617481268,20446339
18,6,6,18.5925394218962,20446340
18,6,5,20.12573591630959,20446341
18,6,3,29.816193996022953,20446342
18,6,6,20.664477914177635,20446343
18,6,5,23.198240386315067,20446344
18,6,6,22.505173350642288,20446345
18,6,6,20.177557732275073,20446346
18,6,4,26.139575850940744,20446347
18,6,6,18.073189217344694,20446348
18,6,5,25.178562308636867,20446349
18,6,6,18.7981419097309,20446350
18,6,5,23.934342025417628,20446351
18,6,6,21.54410738127511,20446352
18,6,6,18.254450512556154,20446353
18,6,5,24.64305720349191,20446354
18,6,5,22.633350402889207,20446355
18,6,6,22.449646444849964,20446356
18,6,5,22.474211311622213,20446357
18,6,6,16.24026850391891,20446358
18,6,6,20.568461891454263,20446359
18,6,5,20.498765971253558,20446360
18,6,5,21.48225791933197,20446361
18,6,5,24.738732814475508,20446362
18,6,3,26.3712564273157,20446363
18,6,4,25.636017997951072,20446364
18,6,5,22.662776722319695,20446365
18,6,5,23.717821075666603,20446366
18,6,5,23.64776907208335,20446367
20,2,2,32.29343196426326,20462318
20,2,2,32.78695598402898,20462319
20,2,2,33.07367120181076,20462320
20,2,2,31.932445168976116,20462321
20,2,2,32.129455369685175,20462322
20,2,2,32.26611899092896,20462323
20,2,2,32.45079045687797,20462324
20,2,2,34.26404459678842,20462325
20,2,2,32.41255613288157,20462326
20,2,2,31.93259669075926,20462327
20,2,2,32.639455338401554,20462328
20,2,2,32.43554625540109,20462329
20,2,2,32.710100759256235,20462330
20,2,2,32.64174218935024,20462331
20,2,2,33.70962425640711,20462332
20,2,2,33.14949293247398,20462333
20,2,2,32.71597100615244,20462334
20,2,2,31.773328498980423,20462335
20,2,2,31.7770333672815,20462336
20,2,2,32.16368060030307,20462337
20,2,2,33.529425615961024,20462338
20,2,2,33.59062675124986,20462339
20,2,2,32.741189058420645,20462340
20,2,2,32.656916325704415,20462341
20,2,2,33.28228704114044,20462342
20,2,2,32.390936077658424,20462343
20,2,2,31.97618333411039,20462344
20,2,2,33.39935298095175,20462345
20,2,2,34.71187444891227,20462346
20,2,2,33.08504947719451,20462347
20,2,2,32.52064367033345,20462348
20,2,2,33.67689504717042,20462349
20,2,2,32.46912090751461,20462350
20,2,2,32.97943121761732,20462351
20,2,2,32.78020831500966,20462352
20,2,2,32.49613303425583,20462353
20,2,2,32.486398770227616,20462354
20,2,2,32.270234948790666,20462355
20,2,2,32.48059112469022,20462356
20,2,2,32.28408079621934,20462357
20,2,2,32.442477001135515,20462358
20,2,2,32.862205476954365,20462359
20,2,2,32.90455848190704,20462360
20,2,2,32.74040780763102,20462361
20,2,2,32.454912505316415,20462362
20,2,2,32.181603917825086,20462363
20,2,2,33.07287900291189,20462364
20,2,2,33.013008363098734,20462365
20,2,2,33.00912185543936,20462366
20,2,2,32.519384642415545,20462367
20,3,3,27.08202017901969,20463318
20,3,3,28.545855584477795,20463319
20,3,3,27.905374413677876,20463320
20,3,3,29.3927728763908,20463321
20,3,3,27.817385779141354,20463322
20,3,3,27.764980718145004,20463323
20,3,3,29.714636479748552,20463324
20,3,3,28.911762206814643,20463325
20,3,3,27.808434350593526,20463326
20,3,3,28.611962368198125,20463327
20,3,3,27.260657305559253,20463328
20,3,3,30.177496757751104,20463329
20,3,3,31.22294873688798,20463330
20,3,3,27.83867685273277,20463331
20,3,3,30.306667771721003,20463332
20,3,3,28.921875914940983,20463333
20,3,3,27.197385743398414,20463334
20,3,3,29.925751089034605,20463335
20,3,3,28.871887164896144,20463336
20,3,3,29.45374629952424,20463337
20,3,3,29.438962406887818,20463338
20,3,3,28.708122126289783,20463339
20,3,3,27.34996812096327,20463340
20,3,3,29.133835672240465,20463341
20,3,3,32.99465909514083,20463342
20,3,3,27.429477707606843,20463343
20,3,3,29.40472825555414,20463344
20,3,3,27.142215314448627,20463345
20,3,3,30.80063846736413,20463346
20,3,3,27.968792773348188,20463347
20,3,3,28.650560180268904,20463348
20,3,3,29.090072189183736,20463349
20,3,3,30.363041381754574,20463350
20,3,3,30.327137123758895,20463351
20,3,3,28.572573950905007,20463352
20,3,3,28.2182827026279,20463353
20,3,3,26.212598034693908,20463354
20,3,3,28.803282982827366,20463355
20,3,3,29.534349524753036,20463356
20,3,3,27.19016906895282,20463357
20,3,3,29.284938483623428,20463358
20,3,3,28.62094060799031,20463359
20,3,3,28.851573941210614,20463360
20,3,3,30.307329060150916,20463361
20,3,3,31.48873489270446,20463362
20,3,3,29.908246552124194,20463363
20,3,3,30.160274598149364,20463364
20,3,3,30.93516351194478,20463365
20,3,3,29.963791893001588,20463366
20,3,3,28.2787607184825,20463367
20,4,4,26.430512535975748,20464318
20,4,4,29.21897858945695,20464319
20,4,4,28.06804460135215,20464320
20,4,4,26.189801753750466,20464321
20,4,4,29.06042438568046,20464322
20,4,4,28.868993761918347,20464323
20,4,4,28.198277235925403,20464324
20,4,4,26.614121123287653,20464325
20,4,4,28.965700075969046,20464326
20,4,4,24.988422529779342,20464327
20,4,4,27.58110958074559,20464328
20,4,4,27.803954195990578,20464329
20,4,4,24.875459384782022,20464330
20,4,4,24.633945898308706,20464331
20,4,4,29.979534548019988,20464332
20,4,4,24.899713088238077,20464333
20,4,4,24.43119656753573,20464334
20,4,4,27.38327640049743,20464335
20,4,4,27.2797064215206,20464336
20,4,4,24.601457321377705,20464337
20,4,4,25.606227251116355,20464338
20,4,4,31.91012762309368,20464339
20,4,4,23.632215694933468,20464340
20,4,4,28.3407783409701,20464341
20,4,4,29.544711294031877,20464342
20,4,4,25.40007297355333,20464343
20,4,4,26.197676503266596,20464344
20,4,4,24.17430212154809,20464345
20,4,4,25.783219245472626,20464346
20,4,4,27.308331595005342,20464347
20,4,4,26.951177072227328,20464348
20,4,4,28.035639421920983,20464349
20,4,4,27.25375632245379,20464350
20,4,4,27.495735831052677,20464351
20,4,4,27.36191675234895,20464352
20,4,4,26.83724824073347,20464353
20,4,4,25.45086266921213,20464354
20,4,4,27.143461690834965,20464355
20,4,4,26.389866167601483,20464356
20,4,4,28.093235823123297,20464357
20,4,4,24.62040252167018,20464358
20,4,4,23.9725648046586,20464359
20,4,4,25.01815252909374,20464360
20,4,4,28.45435233529631,20464361
20,4,4,28.216295418222394,20464362
20,4,4,25.944124770185137,20464363
20,4,4,26.107766355353647,20464364
20,4,4,24.26782711282618,20464365
20,4,4,26.185403710248924,20464366
20,4,4,25.51554917484591,20464367
20,5,5,24.83299418231269,20465318
20,5,5,23.241049879916556,20465319
20,5,5,24.127647770536168,20465320
20,5,5,24.385516707256453,20465321
20,5,5,22.046222400038797,20465322
20,5,5,24.842885564026098,20465323
20,5,5,25.32951439796908,20465324
20,5,5,26.943189644638654,20465325
20,5,5,25.59337882626527,20465326
20,5,5,22.202603306368545,20465327
20,5,5,25.48640823493995,20465328
20,5,5,23.941563158834025,20465329
20,5,5,27.151731984087956,20465330
20,5,5,23.77563630482742,20465331
20,5,4,30.211298485251945,20465332
20,5,4,30.16274814167876,20465333
20,5,5,28.208925295737924,20465334
20,5,5,23.680296503868014,20465335
20,5,5,26.151406656198507,20465336
20,5,5,25.379031377338595,20465337
20,5,5,29.539029375233252,20465338
20,5,5,26.94037215637427,20465339
20,5,5,26.539135294464927,20465340
20,5,5,21.79736987224561,20465341
20,5,5,23.59873587636961,20465342
20,5,4,26.0208890970583,20465343
20,5,3,30.48639429946721,20465344
20,5,5,26.353309016217718,20465345
20,5,5,24.124013361438,20465346
20,5,5,23.715324211992453,20465347
20,5,5,26.232778676592797,20465348
20,5,5,25.561619245997992,20465349
20,5,5,27.421474180869836,20465350
20,5,5,24.983066841614065,20465351
20,5,4,27.694783696652205,20465352
20,5,5,20.705872681180914,20465353
20,5,5,27.02472215464874,20465354
20,5,5,30.14784898534847,20465355
20,5,5,25.77696009522839,20465356
20,5,5,27.31857382272649,20465357
20,5,5,23.157219356589707,20465358
20,5,5,26.155282096589982,20465359
20,5,5,26.857343660293395,20465360
20,5,5,28.277969675783574,20465361
20,5,5,27.139917893319137,20465362
20,5,5,27.062219509851626,20465363
20,5,5,27.147356301516,20465364
20,5,5,25.746728646194924,20465365
20,5,4,29.522402387452445,20465366
20,5,5,26.03288772029113,20465367
20,6,6,24.74956801511095,20466318
20,6,6,25.200585634007094,20466319
20,6,4,26.011316347636527,20466320
20,6,6,25.201173563491487,20466321
20,6,6,27.391029174259838,20466322
20,6,5,26.714137930188254,20466323
20,6,4,27.273901577400856,20466324
20,6,5,26.317819747347652,20466325
20,6,6,23.657795197630925,20466326
20,6,6,24.0638161542153,20466327
20,6,5,25.27123961646696,20466328
20,6,6,25.12283322810837,20466329
20,6,6,24.16413973555982,20466330
20,6,4,30.88614384559572,20466331
20,6,4,26.221614240637013,20466332
20,6,6,27.437082415096135,20466333
20,6,5,24.367310996560775,20466334
20,6,5,27.469760308545485,20466335
20,6,4,28.68272056598835,20466336
20,6,5,26.77978379651892,20466337
20,6,6,25.52910084774306,20466338
20,6,4,31.661957982707023,20466339
20,6,6,24.82935712741446,20466340
20,6,3,32.3053260137169,20466341
20,6,6,20.41860052897561,20466342
20,6,5,27.583128640993543,20466343
20,6,6,25.004910057130438,20466344
20,6,5,26.864993288954732,20466345
20,6,3,31.911955107959365,20466346
20,6,5,23.329868697406113,20466347
20,6,5,26.990484440398788,20466348
20,6,5,27.240839401333517,20466349
20,6,5,23.487885896056895,20466350
20,6,6,25.09127422457706,20466351
20,6,6,25.77132763479525,20466352
20,6,5,27.834271221225563,20466353
20,6,5,28.325791163047914,20466354
20,6,6,23.864435034446135,20466355
20,6,6,23.61903057322429,20466356
20,6,4,28.858569808592076,20466357
20,6,6,22.222605779017336,20466358
20,6,6,23.611009076646756,20466359
20,6,4,28.431139963075342,20466360
20,6,5,27.747642967378088,20466361
20,6,4,30.67834560733312,20466362
20,6,6,23.19841798590529,20466363
20,6,4,27.368880205020794,20466364
20,6,6,24.288628854640617,20466365
20,6,6,27.065586177853064,20466366
20,6,4,30.02514684436792,20466367
